[{"a_end": 1, "z_end": 2, "weight": 10}, {"a_end": 2, "z_end": 11, "weight": 4}, {"a_end": 5, "z_end": 9, "weight": 1}, {"a_end": 8, "z_end": 6, "weight": 1}, {"a_end": 1, "z_end": 5, "weight": 1}, {"a_end": 13, "z_end": 12, "weight": 1}, {"a_end": 16, "z_end": 11, "weight": 1}, {"a_end": 17, "z_end": 14, "weight": 1}, {"a_end": 16, "z_end": 8, "weight": 1}, {"a_end": 1, "z_end": 0, "weight": 1}, {"a_end": 11, "z_end": 14, "weight": 1}, {"a_end": 10, "z_end": 12, "weight": 1}, {"a_end": 13, "z_end": 16, "weight": 1}, {"a_end": 5, "z_end": 17, "weight": 1}, {"a_end": 5, "z_end": 7, "weight": 1}, {"a_end": 7, "z_end": 0, "weight": 10}, {"a_end": 5, "z_end": 10, "weight": 4}, {"a_end": 5, "z_end": 4, "weight": 1}, {"a_end": 16, "z_end": 11, "weight": 1}, {"a_end": 16, "z_end": 17, "weight": 1}, {"a_end": 5, "z_end": 14, "weight": 1}, {"a_end": 13, "z_end": 16, "weight": 1}, {"a_end": 11, "z_end": 14, "weight": 1}, {"a_end": 5, "z_end": 12, "weight": 1}, {"a_end": 14, "z_end": 16, "weight": 1}, {"a_end": 7, "z_end": 15, "weight": 4}, {"a_end": 8, "z_end": 15, "weight": 1}, {"a_end": 16, "z_end": 11, "weight": 1}, {"a_end": 14, "z_end": 11, "weight": 1}, {"a_end": 17, "z_end": 14, "weight": 1}, {"a_end": 15, "z_end": 7, "weight": 1}, {"a_end": 10, "z_end": 5, "weight": 1}, {"a_end": 8, "z_end": 15, "weight": 1}, {"a_end": 9, "z_end": 16, "weight": 10}, {"a_end": 17, "z_end": 16, "weight": 1}, {"a_end": 16, "z_end": 13, "weight": 1}, {"a_end": 9, "z_end": 6, "weight": 4}, {"a_end": 15, "z_end": 16, "weight": 1}, {"a_end": 11, "z_end": 2, "weight": 1}, {"a_end": 10, "z_end": 0, "weight": 4}, {"a_end": 6, "z_end": 3, "weight": 1}, {"a_end": 1, "z_end": 8, "weight": 1}, {"a_end": 7, "z_end": 3, "weight": 1}, {"a_end": 16, "z_end": 4, "weight": 10}, {"a_end": 8, "z_end": 7, "weight": 10}, {"a_end": 6, "z_end": 1, "weight": 1}, {"a_end": 13, "z_end": 1, "weight": 1}, {"a_end": 1, "z_end": 11, "weight": 1}, {"a_end": 11, "z_end": 5, "weight": 1}, {"a_end": 7, "z_end": 0, "weight": 1}, {"a_end": 2, "z_end": 3, "weight": 1}, {"a_end": 2, "z_end": 0, "weight": 4}, {"a_end": 1, "z_end": 0, "weight": 1}, {"a_end": 11, "z_end": 8, "weight": 1}, {"a_end": 4, "z_end": 5, "weight": 1}, {"a_end": 5, "z_end": 16, "weight": 4}, {"a_end": 0, "z_end": 12, "weight": 4}, {"a_end": 1, "z_end": 7, "weight": 1}, {"a_end": 4, "z_end": 1, "weight": 1}, {"a_end": 0, "z_end": 11, "weight": 4}, {"a_end": 3, "z_end": 9, "weight": 1}, {"a_end": 10, "z_end": 15, "weight": 1}, {"a_end": 0, "z_end": 9, "weight": 1}, {"a_end": 14, "z_end": 17, "weight": 1}, {"a_end": 1, "z_end": 8, "weight": 1}, {"a_end": 12, "z_end": 4, "weight": 1}, {"a_end": 15, "z_end": 7, "weight": 4}, {"a_end": 2, "z_end": 10, "weight": 1}, {"a_end": 3, "z_end": 0, "weight": 4}, {"a_end": 14, "z_end": 4, "weight": 1}, {"a_end": 16, "z_end": 12, "weight": 10}, {"a_end": 15, "z_end": 16, "weight": 1}, {"a_end": 10, "z_end": 4, "weight": 1}, {"a_end": 10, "z_end": 8, "weight": 1}, {"a_end": 8, "z_end": 13, "weight": 1}, {"a_end": 0, "z_end": 17, "weight": 1}, {"a_end": 4, "z_end": 1, "weight": 1}, {"a_end": 8, "z_end": 1, "weight": 1}, {"a_end": 4, "z_end": 5, "weight": 1}, {"a_end": 5, "z_end": 3, "weight": 4}, {"a_end": 14, "z_end": 7, "weight": 1}, {"a_end": 16, "z_end": 1, "weight": 1}, {"a_end": 7, "z_end": 14, "weight": 1}, {"a_end": 2, "z_end": 8, "weight": 1}, {"a_end": 2, "z_end": 7, "weight": 4}, {"a_end": 11, "z_end": 8, "weight": 1}, {"a_end": 13, "z_end": 8, "weight": 1}, {"a_end": 16, "z_end": 0, "weight": 1}, {"a_end": 4, "z_end": 1, "weight": 1}, {"a_end": 12, "z_end": 13, "weight": 1}, {"a_end": 5, "z_end": 3, "weight": 1}, {"a_end": 16, "z_end": 2, "weight": 4}, {"a_end": 7, "z_end": 3, "weight": 1}, {"a_end": 3, "z_end": 0, "weight": 1}, {"a_end": 5, "z_end": 7, "weight": 4}, {"a_end": 3, "z_end": 6, "weight": 1}, {"a_end": 0, "z_end": 16, "weight": 1}, {"a_end": 14, "z_end": 9, "weight": 4}, {"a_end": 17, "z_end": 12, "weight": 1}, {"a_end": 6, "z_end": 13, "weight": 1}, {"a_end": 13, "z_end": 16, "weight": 1}, {"a_end": 0, "z_end": 1, "weight": 1}, {"a_end": 13, "z_end": 16, "weight": 1}, {"a_end": 5, "z_end": 3, "weight": 1}, {"a_end": 15, "z_end": 11, "weight": 1}, {"a_end": 0, "z_end": 16, "weight": 10}, {"a_end": 3, "z_end": 11, "weight": 1}, {"a_end": 9, "z_end": 11, "weight": 1}, {"a_end": 9, "z_end": 0, "weight": 1}, {"a_end": 13, "z_end": 3, "weight": 1}, {"a_end": 3, "z_end": 9, "weight": 1}, {"a_end": 6, "z_end": 0, "weight": 1}, {"a_end": 14, "z_end": 1, "weight": 1}, {"a_end": 13, "z_end": 15, "weight": 1}, {"a_end": 14, "z_end": 6, "weight": 1}, {"a_end": 2, "z_end": 0, "weight": 1}, {"a_end": 9, "z_end": 0, "weight": 10}, {"a_end": 11, "z_end": 9, "weight": 1}, {"a_end": 2, "z_end": 7, "weight": 1}, {"a_end": 15, "z_end": 6, "weight": 1}, {"a_end": 3, "z_end": 11, "weight": 1}, {"a_end": 12, "z_end": 14, "weight": 1}, {"a_end": 4, "z_end": 11, "weight": 1}, {"a_end": 12, "z_end": 3, "weight": 1}, {"a_end": 8, "z_end": 3, "weight": 1}, {"a_end": 3, "z_end": 2, "weight": 1}, {"a_end": 10, "z_end": 12, "weight": 1}, {"a_end": 6, "z_end": 3, "weight": 1}, {"a_end": 0, "z_end": 15, "weight": 4}, {"a_end": 1, "z_end": 15, "weight": 1}, {"a_end": 9, "z_end": 11, "weight": 4}, {"a_end": 14, "z_end": 4, "weight": 1}, {"a_end": 11, "z_end": 8, "weight": 1}, {"a_end": 15, "z_end": 16, "weight": 1}, {"a_end": 15, "z_end": 13, "weight": 1}, {"a_end": 15, "z_end": 9, "weight": 1}, {"a_end": 12, "z_end": 7, "weight": 1}, {"a_end": 5, "z_end": 15, "weight": 1}, {"a_end": 8, "z_end": 17, "weight": 4}, {"a_end": 13, "z_end": 2, "weight": 1}, {"a_end": 3, "z_end": 2, "weight": 1}, {"a_end": 11, "z_end": 5, "weight": 1}, {"a_end": 17, "z_end": 4, "weight": 1}, {"a_end": 13, "z_end": 2, "weight": 1}, {"a_end": 2, "z_end": 1, "weight": 10}, {"a_end": 4, "z_end": 9, "weight": 1}, {"a_end": 12, "z_end": 7, "weight": 1}, {"a_end": 10, "z_end": 14, "weight": 1}, {"a_end": 5, "z_end": 16, "weight": 1}, {"a_end": 9, "z_end": 3, "weight": 1}, {"a_end": 4, "z_end": 17, "weight": 1}, {"a_end": 13, "z_end": 3, "weight": 1}, {"a_end": 10, "z_end": 16, "weight": 1}, {"a_end": 7, "z_end": 16, "weight": 1}, {"a_end": 8, "z_end": 5, "weight": 1}, {"a_end": 5, "z_end": 14, "weight": 1}, {"a_end": 7, "z_end": 12, "weight": 1}, {"a_end": 11, "z_end": 4, "weight": 10}, {"a_end": 14, "z_end": 0, "weight": 4}, {"a_end": 12, "z_end": 5, "weight": 10}, {"a_end": 12, "z_end": 16, "weight": 1}, {"a_end": 1, "z_end": 15, "weight": 1}, {"a_end": 8, "z_end": 12, "weight": 1}, {"a_end": 8, "z_end": 13, "weight": 1}, {"a_end": 15, "z_end": 11, "weight": 1}, {"a_end": 17, "z_end": 10, "weight": 1}, {"a_end": 2, "z_end": 7, "weight": 1}, {"a_end": 17, "z_end": 6, "weight": 1}, {"a_end": 12, "z_end": 0, "weight": 1}, {"a_end": 10, "z_end": 14, "weight": 1}, {"a_end": 16, "z_end": 14, "weight": 1}, {"a_end": 5, "z_end": 3, "weight": 1}, {"a_end": 0, "z_end": 12, "weight": 1}, {"a_end": 6, "z_end": 12, "weight": 1}, {"a_end": 6, "z_end": 3, "weight": 1}, {"a_end": 12, "z_end": 17, "weight": 1}, {"a_end": 6, "z_end": 8, "weight": 1}, {"a_end": 6, "z_end": 15, "weight": 1}, {"a_end": 4, "z_end": 0, "weight": 1}, {"a_end": 13, "z_end": 15, "weight": 1}, {"a_end": 8, "z_end": 16, "weight": 1}, {"a_end": 5, "z_end": 14, "weight": 1}, {"a_end": 6, "z_end": 2, "weight": 1}, {"a_end": 11, "z_end": 0, "weight": 1}, {"a_end": 15, "z_end": 17, "weight": 1}, {"a_end": 2, "z_end": 15, "weight": 4}, {"a_end": 10, "z_end": 14, "weight": 10}, {"a_end": 8, "z_end": 16, "weight": 1}, {"a_end": 14, "z_end": 0, "weight": 1}, {"a_end": 2, "z_end": 11, "weight": 1}, {"a_end": 5, "z_end": 12, "weight": 1}, {"a_end": 8, "z_end": 4, "weight": 1}, {"a_end": 1, "z_end": 5, "weight": 1}, {"a_end": 15, "z_end": 12, "weight": 1}, {"a_end": 14, "z_end": 9, "weight": 1}, {"a_end": 4, "z_end": 0, "weight": 1}, {"a_end": 9, "z_end": 17, "weight": 1}, {"a_end": 14, "z_end": 0, "weight": 1}, {"a_end": 11, "z_end": 1, "weight": 1}, {"a_end": 17, "z_end": 12, "weight": 4}, {"a_end": 14, "z_end": 6, "weight": 1}, {"a_end": 9, "z_end": 15, "weight": 1}, {"a_end": 4, "z_end": 15, "weight": 10}, {"a_end": 17, "z_end": 9, "weight": 1}, {"a_end": 2, "z_end": 8, "weight": 1}, {"a_end": 10, "z_end": 9, "weight": 1}, {"a_end": 10, "z_end": 9, "weight": 1}, {"a_end": 12, "z_end": 16, "weight": 1}, {"a_end": 2, "z_end": 16, "weight": 1}, {"a_end": 6, "z_end": 12, "weight": 1}]