[{"a_end": 22, "z_end": 4, "weight": 1}, {"a_end": 27, "z_end": 35, "weight": 1}, {"a_end": 29, "z_end": 36, "weight": 1}, {"a_end": 21, "z_end": 16, "weight": 1}, {"a_end": 32, "z_end": 24, "weight": 1}, {"a_end": 25, "z_end": 2, "weight": 1}, {"a_end": 26, "z_end": 1, "weight": 1}, {"a_end": 6, "z_end": 0, "weight": 1}, {"a_end": 16, "z_end": 30, "weight": 1}, {"a_end": 34, "z_end": 0, "weight": 1}, {"a_end": 20, "z_end": 36, "weight": 1}, {"a_end": 27, "z_end": 14, "weight": 10}, {"a_end": 15, "z_end": 33, "weight": 1}, {"a_end": 32, "z_end": 22, "weight": 1}, {"a_end": 28, "z_end": 15, "weight": 4}, {"a_end": 2, "z_end": 35, "weight": 4}, {"a_end": 23, "z_end": 22, "weight": 1}, {"a_end": 21, "z_end": 35, "weight": 1}, {"a_end": 36, "z_end": 12, "weight": 1}, {"a_end": 15, "z_end": 2, "weight": 1}, {"a_end": 8, "z_end": 21, "weight": 10}, {"a_end": 6, "z_end": 23, "weight": 1}, {"a_end": 24, "z_end": 32, "weight": 1}, {"a_end": 34, "z_end": 16, "weight": 1}, {"a_end": 6, "z_end": 14, "weight": 1}, {"a_end": 21, "z_end": 13, "weight": 1}, {"a_end": 30, "z_end": 7, "weight": 1}, {"a_end": 26, "z_end": 22, "weight": 1}, {"a_end": 18, "z_end": 15, "weight": 1}, {"a_end": 35, "z_end": 16, "weight": 4}, {"a_end": 22, "z_end": 34, "weight": 1}, {"a_end": 36, "z_end": 2, "weight": 1}, {"a_end": 30, "z_end": 19, "weight": 1}, {"a_end": 36, "z_end": 25, "weight": 1}, {"a_end": 16, "z_end": 33, "weight": 1}, {"a_end": 14, "z_end": 7, "weight": 1}, {"a_end": 13, "z_end": 24, "weight": 1}, {"a_end": 31, "z_end": 16, "weight": 4}, {"a_end": 35, "z_end": 9, "weight": 4}, {"a_end": 28, "z_end": 0, "weight": 1}, {"a_end": 10, "z_end": 35, "weight": 1}, {"a_end": 5, "z_end": 4, "weight": 1}, {"a_end": 17, "z_end": 32, "weight": 1}, {"a_end": 34, "z_end": 30, "weight": 1}, {"a_end": 27, "z_end": 23, "weight": 1}, {"a_end": 2, "z_end": 16, "weight": 1}, {"a_end": 33, "z_end": 30, "weight": 1}, {"a_end": 20, "z_end": 1, "weight": 1}, {"a_end": 36, "z_end": 15, "weight": 1}, {"a_end": 13, "z_end": 22, "weight": 1}, {"a_end": 27, "z_end": 11, "weight": 1}, {"a_end": 11, "z_end": 30, "weight": 1}, {"a_end": 12, "z_end": 8, "weight": 1}, {"a_end": 6, "z_end": 8, "weight": 1}, {"a_end": 36, "z_end": 22, "weight": 1}, {"a_end": 33, "z_end": 25, "weight": 1}, {"a_end": 6, "z_end": 17, "weight": 1}, {"a_end": 28, "z_end": 0, "weight": 1}, {"a_end": 7, "z_end": 26, "weight": 1}, {"a_end": 4, "z_end": 23, "weight": 1}, {"a_end": 1, "z_end": 16, "weight": 1}, {"a_end": 2, "z_end": 8, "weight": 10}, {"a_end": 11, "z_end": 32, "weight": 10}, {"a_end": 31, "z_end": 12, "weight": 1}, {"a_end": 31, "z_end": 33, "weight": 1}, {"a_end": 29, "z_end": 36, "weight": 10}, {"a_end": 36, "z_end": 0, "weight": 1}, {"a_end": 4, "z_end": 11, "weight": 1}, {"a_end": 9, "z_end": 34, "weight": 1}, {"a_end": 21, "z_end": 2, "weight": 1}, {"a_end": 15, "z_end": 3, "weight": 1}, {"a_end": 24, "z_end": 7, "weight": 1}, {"a_end": 1, "z_end": 5, "weight": 1}, {"a_end": 19, "z_end": 3, "weight": 1}, {"a_end": 35, "z_end": 19, "weight": 4}, {"a_end": 15, "z_end": 34, "weight": 1}, {"a_end": 9, "z_end": 35, "weight": 1}, {"a_end": 17, "z_end": 36, "weight": 1}, {"a_end": 5, "z_end": 36, "weight": 1}, {"a_end": 31, "z_end": 21, "weight": 1}, {"a_end": 35, "z_end": 3, "weight": 1}, {"a_end": 7, "z_end": 26, "weight": 1}, {"a_end": 26, "z_end": 22, "weight": 1}, {"a_end": 19, "z_end": 36, "weight": 1}, {"a_end": 31, "z_end": 8, "weight": 1}, {"a_end": 4, "z_end": 32, "weight": 1}, {"a_end": 7, "z_end": 29, "weight": 1}, {"a_end": 29, "z_end": 1, "weight": 10}, {"a_end": 27, "z_end": 36, "weight": 10}, {"a_end": 33, "z_end": 4, "weight": 1}, {"a_end": 18, "z_end": 31, "weight": 1}, {"a_end": 32, "z_end": 7, "weight": 4}, {"a_end": 15, "z_end": 22, "weight": 1}, {"a_end": 21, "z_end": 10, "weight": 1}, {"a_end": 29, "z_end": 1, "weight": 1}, {"a_end": 6, "z_end": 29, "weight": 1}, {"a_end": 29, "z_end": 17, "weight": 1}, {"a_end": 34, "z_end": 1, "weight": 1}, {"a_end": 35, "z_end": 12, "weight": 1}, {"a_end": 18, "z_end": 2, "weight": 1}, {"a_end": 16, "z_end": 34, "weight": 1}, {"a_end": 30, "z_end": 24, "weight": 1}, {"a_end": 4, "z_end": 6, "weight": 1}, {"a_end": 33, "z_end": 30, "weight": 1}, {"a_end": 34, "z_end": 23, "weight": 1}, {"a_end": 19, "z_end": 26, "weight": 1}, {"a_end": 13, "z_end": 5, "weight": 1}, {"a_end": 6, "z_end": 32, "weight": 1}, {"a_end": 19, "z_end": 25, "weight": 1}, {"a_end": 21, "z_end": 34, "weight": 1}, {"a_end": 23, "z_end": 6, "weight": 1}, {"a_end": 5, "z_end": 27, "weight": 1}, {"a_end": 23, "z_end": 3, "weight": 1}, {"a_end": 22, "z_end": 3, "weight": 4}, {"a_end": 25, "z_end": 17, "weight": 1}, {"a_end": 16, "z_end": 13, "weight": 4}, {"a_end": 18, "z_end": 13, "weight": 4}, {"a_end": 29, "z_end": 19, "weight": 1}, {"a_end": 28, "z_end": 20, "weight": 1}, {"a_end": 3, "z_end": 9, "weight": 1}, {"a_end": 30, "z_end": 0, "weight": 1}, {"a_end": 1, "z_end": 27, "weight": 1}, {"a_end": 29, "z_end": 33, "weight": 1}, {"a_end": 28, "z_end": 16, "weight": 1}, {"a_end": 18, "z_end": 6, "weight": 4}, {"a_end": 19, "z_end": 7, "weight": 1}, {"a_end": 10, "z_end": 27, "weight": 1}, {"a_end": 21, "z_end": 31, "weight": 1}, {"a_end": 27, "z_end": 15, "weight": 1}, {"a_end": 32, "z_end": 36, "weight": 10}, {"a_end": 32, "z_end": 16, "weight": 1}, {"a_end": 20, "z_end": 35, "weight": 1}, {"a_end": 1, "z_end": 24, "weight": 1}, {"a_end": 29, "z_end": 35, "weight": 10}, {"a_end": 11, "z_end": 24, "weight": 1}, {"a_end": 2, "z_end": 11, "weight": 1}, {"a_end": 11, "z_end": 4, "weight": 1}, {"a_end": 31, "z_end": 26, "weight": 1}, {"a_end": 3, "z_end": 14, "weight": 1}, {"a_end": 29, "z_end": 11, "weight": 1}, {"a_end": 25, "z_end": 0, "weight": 10}, {"a_end": 8, "z_end": 4, "weight": 1}, {"a_end": 35, "z_end": 24, "weight": 1}, {"a_end": 0, "z_end": 24, "weight": 1}, {"a_end": 31, "z_end": 29, "weight": 1}, {"a_end": 23, "z_end": 7, "weight": 1}, {"a_end": 32, "z_end": 25, "weight": 1}, {"a_end": 6, "z_end": 5, "weight": 1}, {"a_end": 26, "z_end": 35, "weight": 1}, {"a_end": 6, "z_end": 11, "weight": 1}, {"a_end": 31, "z_end": 30, "weight": 1}, {"a_end": 28, "z_end": 5, "weight": 1}, {"a_end": 25, "z_end": 33, "weight": 1}, {"a_end": 32, "z_end": 20, "weight": 1}, {"a_end": 27, "z_end": 12, "weight": 1}, {"a_end": 20, "z_end": 25, "weight": 1}, {"a_end": 4, "z_end": 8, "weight": 1}, {"a_end": 31, "z_end": 21, "weight": 1}, {"a_end": 6, "z_end": 16, "weight": 1}, {"a_end": 31, "z_end": 5, "weight": 1}, {"a_end": 22, "z_end": 1, "weight": 1}, {"a_end": 25, "z_end": 5, "weight": 1}, {"a_end": 14, "z_end": 33, "weight": 1}, {"a_end": 13, "z_end": 32, "weight": 4}, {"a_end": 16, "z_end": 19, "weight": 10}, {"a_end": 32, "z_end": 7, "weight": 1}, {"a_end": 35, "z_end": 3, "weight": 1}, {"a_end": 18, "z_end": 11, "weight": 1}, {"a_end": 31, "z_end": 15, "weight": 1}, {"a_end": 25, "z_end": 30, "weight": 1}, {"a_end": 0, "z_end": 25, "weight": 1}, {"a_end": 15, "z_end": 35, "weight": 1}, {"a_end": 23, "z_end": 6, "weight": 4}, {"a_end": 21, "z_end": 4, "weight": 1}, {"a_end": 10, "z_end": 6, "weight": 1}, {"a_end": 15, "z_end": 11, "weight": 1}, {"a_end": 5, "z_end": 9, "weight": 1}, {"a_end": 32, "z_end": 10, "weight": 1}, {"a_end": 10, "z_end": 4, "weight": 1}, {"a_end": 5, "z_end": 8, "weight": 1}, {"a_end": 25, "z_end": 22, "weight": 4}, {"a_end": 7, "z_end": 26, "weight": 1}, {"a_end": 18, "z_end": 35, "weight": 1}, {"a_end": 14, "z_end": 22, "weight": 4}, {"a_end": 5, "z_end": 20, "weight": 1}, {"a_end": 6, "z_end": 2, "weight": 1}, {"a_end": 12, "z_end": 35, "weight": 10}, {"a_end": 8, "z_end": 21, "weight": 1}, {"a_end": 5, "z_end": 20, "weight": 1}, {"a_end": 27, "z_end": 32, "weight": 1}, {"a_end": 34, "z_end": 36, "weight": 4}, {"a_end": 22, "z_end": 33, "weight": 4}, {"a_end": 33, "z_end": 27, "weight": 1}, {"a_end": 28, "z_end": 27, "weight": 1}, {"a_end": 26, "z_end": 31, "weight": 1}, {"a_end": 1, "z_end": 12, "weight": 4}, {"a_end": 20, "z_end": 3, "weight": 4}, {"a_end": 27, "z_end": 6, "weight": 1}, {"a_end": 28, "z_end": 7, "weight": 1}, {"a_end": 6, "z_end": 21, "weight": 1}, {"a_end": 27, "z_end": 3, "weight": 1}, {"a_end": 21, "z_end": 11, "weight": 4}, {"a_end": 26, "z_end": 30, "weight": 1}, {"a_end": 33, "z_end": 30, "weight": 10}, {"a_end": 33, "z_end": 7, "weight": 1}, {"a_end": 14, "z_end": 12, "weight": 1}, {"a_end": 1, "z_end": 34, "weight": 1}, {"a_end": 31, "z_end": 20, "weight": 1}, {"a_end": 9, "z_end": 10, "weight": 1}, {"a_end": 18, "z_end": 4, "weight": 1}, {"a_end": 3, "z_end": 19, "weight": 1}, {"a_end": 2, "z_end": 0, "weight": 4}, {"a_end": 16, "z_end": 22, "weight": 1}, {"a_end": 12, "z_end": 35, "weight": 1}, {"a_end": 13, "z_end": 23, "weight": 4}, {"a_end": 23, "z_end": 8, "weight": 1}, {"a_end": 12, "z_end": 28, "weight": 1}, {"a_end": 2, "z_end": 19, "weight": 4}, {"a_end": 19, "z_end": 26, "weight": 1}, {"a_end": 7, "z_end": 27, "weight": 1}, {"a_end": 26, "z_end": 22, "weight": 10}, {"a_end": 31, "z_end": 16, "weight": 1}, {"a_end": 2, "z_end": 36, "weight": 1}, {"a_end": 31, "z_end": 14, "weight": 1}, {"a_end": 17, "z_end": 25, "weight": 1}, {"a_end": 3, "z_end": 1, "weight": 1}, {"a_end": 25, "z_end": 12, "weight": 4}, {"a_end": 26, "z_end": 23, "weight": 4}, {"a_end": 33, "z_end": 5, "weight": 4}, {"a_end": 22, "z_end": 21, "weight": 1}, {"a_end": 28, "z_end": 4, "weight": 1}, {"a_end": 4, "z_end": 30, "weight": 1}, {"a_end": 17, "z_end": 4, "weight": 1}, {"a_end": 10, "z_end": 13, "weight": 1}, {"a_end": 14, "z_end": 27, "weight": 1}, {"a_end": 30, "z_end": 12, "weight": 1}, {"a_end": 18, "z_end": 0, "weight": 1}, {"a_end": 7, "z_end": 36, "weight": 1}, {"a_end": 0, "z_end": 16, "weight": 1}, {"a_end": 34, "z_end": 13, "weight": 1}, {"a_end": 34, "z_end": 23, "weight": 1}, {"a_end": 30, "z_end": 13, "weight": 1}, {"a_end": 21, "z_end": 25, "weight": 1}, {"a_end": 2, "z_end": 26, "weight": 1}, {"a_end": 20, "z_end": 34, "weight": 1}, {"a_end": 22, "z_end": 0, "weight": 1}, {"a_end": 6, "z_end": 1, "weight": 1}, {"a_end": 19, "z_end": 3, "weight": 1}, {"a_end": 13, "z_end": 33, "weight": 1}, {"a_end": 0, "z_end": 2, "weight": 1}, {"a_end": 35, "z_end": 3, "weight": 1}, {"a_end": 24, "z_end": 29, "weight": 1}, {"a_end": 12, "z_end": 5, "weight": 1}, {"a_end": 17, "z_end": 25, "weight": 1}, {"a_end": 32, "z_end": 22, "weight": 1}, {"a_end": 2, "z_end": 4, "weight": 1}, {"a_end": 19, "z_end": 3, "weight": 4}, {"a_end": 28, "z_end": 29, "weight": 1}, {"a_end": 26, "z_end": 21, "weight": 1}, {"a_end": 5, "z_end": 16, "weight": 4}, {"a_end": 26, "z_end": 23, "weight": 1}, {"a_end": 6, "z_end": 24, "weight": 1}, {"a_end": 24, "z_end": 11, "weight": 1}, {"a_end": 18, "z_end": 1, "weight": 1}, {"a_end": 1, "z_end": 36, "weight": 1}, {"a_end": 36, "z_end": 12, "weight": 1}, {"a_end": 8, "z_end": 35, "weight": 4}, {"a_end": 14, "z_end": 5, "weight": 1}, {"a_end": 0, "z_end": 27, "weight": 1}, {"a_end": 27, "z_end": 26, "weight": 1}]