[{"a_end": 30, "z_end": 69, "weight": 1}, {"a_end": 16, "z_end": 47, "weight": 1}, {"a_end": 60, "z_end": 8, "weight": 1}, {"a_end": 1, "z_end": 60, "weight": 1}, {"a_end": 33, "z_end": 70, "weight": 1}, {"a_end": 29, "z_end": 24, "weight": 1}, {"a_end": 60, "z_end": 69, "weight": 1}, {"a_end": 70, "z_end": 60, "weight": 1}, {"a_end": 50, "z_end": 19, "weight": 1}, {"a_end": 29, "z_end": 19, "weight": 1}, {"a_end": 66, "z_end": 49, "weight": 10}, {"a_end": 1, "z_end": 8, "weight": 1}, {"a_end": 20, "z_end": 5, "weight": 1}, {"a_end": 38, "z_end": 3, "weight": 1}, {"a_end": 34, "z_end": 60, "weight": 1}, {"a_end": 49, "z_end": 54, "weight": 1}, {"a_end": 50, "z_end": 56, "weight": 1}, {"a_end": 17, "z_end": 46, "weight": 4}, {"a_end": 12, "z_end": 4, "weight": 1}, {"a_end": 17, "z_end": 63, "weight": 1}, {"a_end": 27, "z_end": 33, "weight": 1}, {"a_end": 55, "z_end": 38, "weight": 1}, {"a_end": 53, "z_end": 64, "weight": 1}, {"a_end": 49, "z_end": 44, "weight": 1}, {"a_end": 68, "z_end": 52, "weight": 1}, {"a_end": 29, "z_end": 43, "weight": 1}, {"a_end": 3, "z_end": 35, "weight": 4}, {"a_end": 20, "z_end": 41, "weight": 1}, {"a_end": 69, "z_end": 72, "weight": 1}, {"a_end": 13, "z_end": 27, "weight": 4}, {"a_end": 34, "z_end": 36, "weight": 1}, {"a_end": 15, "z_end": 8, "weight": 4}, {"a_end": 61, "z_end": 11, "weight": 1}, {"a_end": 44, "z_end": 8, "weight": 1}, {"a_end": 52, "z_end": 19, "weight": 1}, {"a_end": 2, "z_end": 37, "weight": 4}, {"a_end": 54, "z_end": 53, "weight": 4}, {"a_end": 15, "z_end": 5, "weight": 1}, {"a_end": 5, "z_end": 48, "weight": 1}, {"a_end": 42, "z_end": 70, "weight": 1}, {"a_end": 35, "z_end": 64, "weight": 10}, {"a_end": 30, "z_end": 4, "weight": 1}, {"a_end": 39, "z_end": 0, "weight": 1}, {"a_end": 9, "z_end": 13, "weight": 1}, {"a_end": 68, "z_end": 4, "weight": 1}, {"a_end": 25, "z_end": 52, "weight": 1}, {"a_end": 37, "z_end": 33, "weight": 1}, {"a_end": 19, "z_end": 5, "weight": 1}, {"a_end": 43, "z_end": 40, "weight": 1}, {"a_end": 46, "z_end": 17, "weight": 4}, {"a_end": 48, "z_end": 58, "weight": 1}, {"a_end": 66, "z_end": 49, "weight": 4}, {"a_end": 71, "z_end": 13, "weight": 4}, {"a_end": 64, "z_end": 34, "weight": 10}, {"a_end": 55, "z_end": 30, "weight": 1}, {"a_end": 38, "z_end": 55, "weight": 1}, {"a_end": 33, "z_end": 66, "weight": 4}, {"a_end": 38, "z_end": 70, "weight": 10}, {"a_end": 43, "z_end": 1, "weight": 4}, {"a_end": 53, "z_end": 40, "weight": 1}, {"a_end": 2, "z_end": 48, "weight": 1}, {"a_end": 17, "z_end": 7, "weight": 1}, {"a_end": 42, "z_end": 59, "weight": 1}, {"a_end": 45, "z_end": 35, "weight": 1}, {"a_end": 62, "z_end": 2, "weight": 1}, {"a_end": 7, "z_end": 2, "weight": 1}, {"a_end": 47, "z_end": 32, "weight": 4}, {"a_end": 58, "z_end": 38, "weight": 10}, {"a_end": 40, "z_end": 22, "weight": 1}, {"a_end": 46, "z_end": 23, "weight": 1}, {"a_end": 40, "z_end": 47, "weight": 1}, {"a_end": 33, "z_end": 38, "weight": 1}, {"a_end": 48, "z_end": 13, "weight": 1}, {"a_end": 3, "z_end": 72, "weight": 1}, {"a_end": 16, "z_end": 39, "weight": 4}, {"a_end": 64, "z_end": 28, "weight": 1}, {"a_end": 34, "z_end": 30, "weight": 1}, {"a_end": 41, "z_end": 23, "weight": 1}, {"a_end": 55, "z_end": 12, "weight": 1}, {"a_end": 13, "z_end": 41, "weight": 1}, {"a_end": 42, "z_end": 28, "weight": 4}, {"a_end": 56, "z_end": 21, "weight": 10}, {"a_end": 10, "z_end": 43, "weight": 1}, {"a_end": 27, "z_end": 72, "weight": 10}, {"a_end": 57, "z_end": 34, "weight": 1}, {"a_end": 28, "z_end": 15, "weight": 1}, {"a_end": 4, "z_end": 67, "weight": 1}, {"a_end": 24, "z_end": 40, "weight": 1}, {"a_end": 23, "z_end": 35, "weight": 1}, {"a_end": 43, "z_end": 10, "weight": 1}, {"a_end": 44, "z_end": 16, "weight": 1}, {"a_end": 53, "z_end": 37, "weight": 1}, {"a_end": 66, "z_end": 34, "weight": 1}, {"a_end": 59, "z_end": 44, "weight": 4}, {"a_end": 53, "z_end": 37, "weight": 1}, {"a_end": 53, "z_end": 72, "weight": 10}, {"a_end": 52, "z_end": 4, "weight": 4}, {"a_end": 52, "z_end": 19, "weight": 1}, {"a_end": 25, "z_end": 0, "weight": 1}, {"a_end": 61, "z_end": 65, "weight": 1}, {"a_end": 55, "z_end": 71, "weight": 1}, {"a_end": 28, "z_end": 4, "weight": 1}, {"a_end": 58, "z_end": 66, "weight": 1}, {"a_end": 36, "z_end": 69, "weight": 1}, {"a_end": 43, "z_end": 29, "weight": 4}, {"a_end": 8, "z_end": 36, "weight": 1}, {"a_end": 15, "z_end": 31, "weight": 1}, {"a_end": 5, "z_end": 4, "weight": 1}, {"a_end": 65, "z_end": 25, "weight": 1}, {"a_end": 55, "z_end": 6, "weight": 1}, {"a_end": 1, "z_end": 61, "weight": 10}, {"a_end": 15, "z_end": 21, "weight": 1}, {"a_end": 64, "z_end": 38, "weight": 1}, {"a_end": 30, "z_end": 2, "weight": 1}, {"a_end": 67, "z_end": 68, "weight": 1}, {"a_end": 52, "z_end": 6, "weight": 1}, {"a_end": 14, "z_end": 43, "weight": 1}, {"a_end": 16, "z_end": 32, "weight": 1}, {"a_end": 69, "z_end": 61, "weight": 1}, {"a_end": 7, "z_end": 45, "weight": 1}, {"a_end": 28, "z_end": 25, "weight": 1}, {"a_end": 15, "z_end": 68, "weight": 1}, {"a_end": 15, "z_end": 21, "weight": 1}, {"a_end": 30, "z_end": 35, "weight": 1}, {"a_end": 16, "z_end": 0, "weight": 1}, {"a_end": 62, "z_end": 51, "weight": 1}, {"a_end": 6, "z_end": 34, "weight": 1}, {"a_end": 31, "z_end": 34, "weight": 1}, {"a_end": 67, "z_end": 66, "weight": 1}, {"a_end": 54, "z_end": 6, "weight": 10}, {"a_end": 60, "z_end": 41, "weight": 1}, {"a_end": 0, "z_end": 7, "weight": 1}, {"a_end": 16, "z_end": 5, "weight": 1}, {"a_end": 15, "z_end": 6, "weight": 1}, {"a_end": 8, "z_end": 61, "weight": 1}, {"a_end": 4, "z_end": 11, "weight": 1}, {"a_end": 65, "z_end": 64, "weight": 1}, {"a_end": 62, "z_end": 40, "weight": 1}, {"a_end": 20, "z_end": 40, "weight": 1}, {"a_end": 9, "z_end": 44, "weight": 1}, {"a_end": 49, "z_end": 38, "weight": 1}, {"a_end": 46, "z_end": 33, "weight": 1}, {"a_end": 24, "z_end": 42, "weight": 1}, {"a_end": 54, "z_end": 15, "weight": 1}, {"a_end": 16, "z_end": 71, "weight": 1}, {"a_end": 0, "z_end": 48, "weight": 1}, {"a_end": 10, "z_end": 72, "weight": 1}, {"a_end": 22, "z_end": 5, "weight": 1}, {"a_end": 47, "z_end": 58, "weight": 1}, {"a_end": 69, "z_end": 48, "weight": 1}, {"a_end": 5, "z_end": 55, "weight": 1}, {"a_end": 6, "z_end": 47, "weight": 1}, {"a_end": 63, "z_end": 40, "weight": 1}, {"a_end": 53, "z_end": 58, "weight": 1}, {"a_end": 2, "z_end": 31, "weight": 1}, {"a_end": 27, "z_end": 68, "weight": 1}, {"a_end": 34, "z_end": 9, "weight": 4}, {"a_end": 54, "z_end": 28, "weight": 1}, {"a_end": 54, "z_end": 16, "weight": 1}, {"a_end": 3, "z_end": 41, "weight": 1}, {"a_end": 47, "z_end": 71, "weight": 4}, {"a_end": 33, "z_end": 15, "weight": 1}, {"a_end": 59, "z_end": 15, "weight": 1}, {"a_end": 67, "z_end": 48, "weight": 1}, {"a_end": 13, "z_end": 40, "weight": 1}, {"a_end": 72, "z_end": 68, "weight": 1}, {"a_end": 13, "z_end": 0, "weight": 1}, {"a_end": 60, "z_end": 18, "weight": 1}, {"a_end": 30, "z_end": 49, "weight": 1}, {"a_end": 5, "z_end": 67, "weight": 1}, {"a_end": 11, "z_end": 72, "weight": 1}, {"a_end": 12, "z_end": 48, "weight": 1}, {"a_end": 22, "z_end": 3, "weight": 1}, {"a_end": 43, "z_end": 15, "weight": 1}, {"a_end": 3, "z_end": 14, "weight": 1}, {"a_end": 61, "z_end": 36, "weight": 1}, {"a_end": 38, "z_end": 11, "weight": 1}, {"a_end": 4, "z_end": 72, "weight": 1}, {"a_end": 65, "z_end": 67, "weight": 1}, {"a_end": 30, "z_end": 13, "weight": 1}, {"a_end": 70, "z_end": 12, "weight": 1}, {"a_end": 70, "z_end": 7, "weight": 1}, {"a_end": 70, "z_end": 41, "weight": 4}, {"a_end": 72, "z_end": 23, "weight": 1}, {"a_end": 9, "z_end": 30, "weight": 1}, {"a_end": 23, "z_end": 31, "weight": 4}, {"a_end": 58, "z_end": 50, "weight": 4}, {"a_end": 32, "z_end": 47, "weight": 10}, {"a_end": 50, "z_end": 44, "weight": 1}, {"a_end": 71, "z_end": 53, "weight": 10}, {"a_end": 10, "z_end": 48, "weight": 4}, {"a_end": 64, "z_end": 30, "weight": 1}, {"a_end": 52, "z_end": 20, "weight": 1}, {"a_end": 53, "z_end": 72, "weight": 1}, {"a_end": 66, "z_end": 61, "weight": 1}, {"a_end": 19, "z_end": 51, "weight": 1}, {"a_end": 19, "z_end": 20, "weight": 1}, {"a_end": 12, "z_end": 63, "weight": 1}, {"a_end": 61, "z_end": 66, "weight": 1}, {"a_end": 56, "z_end": 23, "weight": 1}, {"a_end": 17, "z_end": 34, "weight": 1}, {"a_end": 25, "z_end": 18, "weight": 1}, {"a_end": 65, "z_end": 40, "weight": 1}, {"a_end": 29, "z_end": 68, "weight": 1}, {"a_end": 37, "z_end": 52, "weight": 4}, {"a_end": 34, "z_end": 27, "weight": 1}, {"a_end": 39, "z_end": 2, "weight": 4}, {"a_end": 34, "z_end": 61, "weight": 4}, {"a_end": 48, "z_end": 25, "weight": 4}, {"a_end": 22, "z_end": 72, "weight": 1}, {"a_end": 46, "z_end": 30, "weight": 1}, {"a_end": 41, "z_end": 61, "weight": 1}, {"a_end": 18, "z_end": 53, "weight": 1}, {"a_end": 61, "z_end": 26, "weight": 1}, {"a_end": 59, "z_end": 71, "weight": 1}, {"a_end": 3, "z_end": 61, "weight": 1}, {"a_end": 9, "z_end": 51, "weight": 1}, {"a_end": 5, "z_end": 59, "weight": 4}, {"a_end": 29, "z_end": 30, "weight": 1}, {"a_end": 8, "z_end": 27, "weight": 1}, {"a_end": 32, "z_end": 30, "weight": 1}, {"a_end": 24, "z_end": 33, "weight": 4}, {"a_end": 17, "z_end": 23, "weight": 1}, {"a_end": 4, "z_end": 32, "weight": 1}, {"a_end": 21, "z_end": 5, "weight": 1}, {"a_end": 40, "z_end": 23, "weight": 1}, {"a_end": 54, "z_end": 11, "weight": 1}, {"a_end": 10, "z_end": 15, "weight": 1}, {"a_end": 11, "z_end": 33, "weight": 1}, {"a_end": 37, "z_end": 4, "weight": 1}, {"a_end": 45, "z_end": 57, "weight": 4}, {"a_end": 43, "z_end": 0, "weight": 1}, {"a_end": 3, "z_end": 42, "weight": 1}, {"a_end": 42, "z_end": 55, "weight": 1}, {"a_end": 48, "z_end": 62, "weight": 1}, {"a_end": 9, "z_end": 26, "weight": 4}, {"a_end": 62, "z_end": 50, "weight": 1}, {"a_end": 16, "z_end": 69, "weight": 1}, {"a_end": 40, "z_end": 15, "weight": 1}, {"a_end": 35, "z_end": 9, "weight": 1}, {"a_end": 55, "z_end": 14, "weight": 1}, {"a_end": 56, "z_end": 67, "weight": 1}, {"a_end": 32, "z_end": 12, "weight": 1}, {"a_end": 67, "z_end": 47, "weight": 1}, {"a_end": 47, "z_end": 57, "weight": 1}, {"a_end": 37, "z_end": 33, "weight": 1}, {"a_end": 13, "z_end": 43, "weight": 1}, {"a_end": 72, "z_end": 68, "weight": 1}, {"a_end": 67, "z_end": 14, "weight": 10}, {"a_end": 63, "z_end": 65, "weight": 4}, {"a_end": 45, "z_end": 7, "weight": 1}, {"a_end": 37, "z_end": 72, "weight": 1}, {"a_end": 23, "z_end": 19, "weight": 1}, {"a_end": 22, "z_end": 47, "weight": 1}, {"a_end": 58, "z_end": 15, "weight": 1}, {"a_end": 13, "z_end": 71, "weight": 1}, {"a_end": 18, "z_end": 42, "weight": 1}, {"a_end": 53, "z_end": 71, "weight": 1}, {"a_end": 38, "z_end": 23, "weight": 1}, {"a_end": 58, "z_end": 61, "weight": 1}, {"a_end": 39, "z_end": 22, "weight": 1}, {"a_end": 8, "z_end": 13, "weight": 1}, {"a_end": 23, "z_end": 70, "weight": 1}, {"a_end": 69, "z_end": 50, "weight": 1}, {"a_end": 45, "z_end": 12, "weight": 1}, {"a_end": 34, "z_end": 49, "weight": 1}, {"a_end": 6, "z_end": 17, "weight": 1}, {"a_end": 5, "z_end": 61, "weight": 1}, {"a_end": 64, "z_end": 34, "weight": 1}, {"a_end": 31, "z_end": 65, "weight": 1}, {"a_end": 45, "z_end": 42, "weight": 1}, {"a_end": 51, "z_end": 57, "weight": 1}, {"a_end": 69, "z_end": 8, "weight": 1}, {"a_end": 45, "z_end": 63, "weight": 1}, {"a_end": 14, "z_end": 19, "weight": 1}, {"a_end": 34, "z_end": 12, "weight": 1}, {"a_end": 14, "z_end": 72, "weight": 1}, {"a_end": 14, "z_end": 23, "weight": 1}, {"a_end": 24, "z_end": 72, "weight": 1}, {"a_end": 53, "z_end": 50, "weight": 1}, {"a_end": 16, "z_end": 18, "weight": 1}, {"a_end": 50, "z_end": 24, "weight": 1}, {"a_end": 69, "z_end": 67, "weight": 1}, {"a_end": 21, "z_end": 72, "weight": 1}, {"a_end": 22, "z_end": 25, "weight": 1}, {"a_end": 32, "z_end": 47, "weight": 4}, {"a_end": 37, "z_end": 3, "weight": 4}, {"a_end": 56, "z_end": 52, "weight": 1}, {"a_end": 49, "z_end": 40, "weight": 4}, {"a_end": 70, "z_end": 39, "weight": 1}, {"a_end": 63, "z_end": 67, "weight": 1}, {"a_end": 38, "z_end": 61, "weight": 1}, {"a_end": 3, "z_end": 24, "weight": 1}, {"a_end": 0, "z_end": 13, "weight": 1}, {"a_end": 29, "z_end": 62, "weight": 1}, {"a_end": 22, "z_end": 67, "weight": 4}, {"a_end": 58, "z_end": 25, "weight": 1}, {"a_end": 24, "z_end": 67, "weight": 1}, {"a_end": 27, "z_end": 4, "weight": 1}, {"a_end": 64, "z_end": 56, "weight": 1}, {"a_end": 14, "z_end": 72, "weight": 1}, {"a_end": 36, "z_end": 19, "weight": 1}, {"a_end": 17, "z_end": 59, "weight": 1}, {"a_end": 11, "z_end": 6, "weight": 1}, {"a_end": 3, "z_end": 46, "weight": 1}, {"a_end": 29, "z_end": 64, "weight": 1}, {"a_end": 9, "z_end": 63, "weight": 1}, {"a_end": 68, "z_end": 2, "weight": 1}, {"a_end": 43, "z_end": 41, "weight": 4}, {"a_end": 42, "z_end": 44, "weight": 1}, {"a_end": 17, "z_end": 10, "weight": 1}, {"a_end": 4, "z_end": 10, "weight": 1}, {"a_end": 43, "z_end": 26, "weight": 1}, {"a_end": 8, "z_end": 25, "weight": 1}, {"a_end": 55, "z_end": 28, "weight": 1}, {"a_end": 62, "z_end": 40, "weight": 1}, {"a_end": 13, "z_end": 5, "weight": 10}, {"a_end": 52, "z_end": 9, "weight": 1}, {"a_end": 25, "z_end": 20, "weight": 1}, {"a_end": 50, "z_end": 63, "weight": 1}, {"a_end": 60, "z_end": 8, "weight": 1}, {"a_end": 68, "z_end": 54, "weight": 1}, {"a_end": 26, "z_end": 62, "weight": 1}, {"a_end": 38, "z_end": 2, "weight": 1}, {"a_end": 59, "z_end": 58, "weight": 1}, {"a_end": 51, "z_end": 56, "weight": 4}, {"a_end": 23, "z_end": 58, "weight": 1}, {"a_end": 4, "z_end": 32, "weight": 1}, {"a_end": 46, "z_end": 47, "weight": 1}, {"a_end": 57, "z_end": 67, "weight": 1}, {"a_end": 46, "z_end": 51, "weight": 1}, {"a_end": 28, "z_end": 0, "weight": 1}, {"a_end": 26, "z_end": 33, "weight": 1}, {"a_end": 47, "z_end": 18, "weight": 1}, {"a_end": 58, "z_end": 68, "weight": 1}, {"a_end": 24, "z_end": 20, "weight": 1}, {"a_end": 26, "z_end": 2, "weight": 1}, {"a_end": 21, "z_end": 51, "weight": 1}, {"a_end": 64, "z_end": 21, "weight": 1}, {"a_end": 3, "z_end": 17, "weight": 1}, {"a_end": 14, "z_end": 21, "weight": 1}, {"a_end": 56, "z_end": 62, "weight": 1}, {"a_end": 23, "z_end": 7, "weight": 10}, {"a_end": 2, "z_end": 51, "weight": 1}, {"a_end": 57, "z_end": 40, "weight": 1}, {"a_end": 52, "z_end": 4, "weight": 1}, {"a_end": 6, "z_end": 30, "weight": 1}, {"a_end": 51, "z_end": 5, "weight": 1}, {"a_end": 50, "z_end": 63, "weight": 1}, {"a_end": 3, "z_end": 28, "weight": 1}, {"a_end": 30, "z_end": 12, "weight": 1}, {"a_end": 49, "z_end": 60, "weight": 1}, {"a_end": 24, "z_end": 21, "weight": 4}, {"a_end": 42, "z_end": 14, "weight": 1}, {"a_end": 44, "z_end": 15, "weight": 1}, {"a_end": 6, "z_end": 37, "weight": 1}, {"a_end": 35, "z_end": 59, "weight": 4}, {"a_end": 38, "z_end": 62, "weight": 1}, {"a_end": 31, "z_end": 71, "weight": 1}, {"a_end": 34, "z_end": 3, "weight": 1}]