[{"a_end": 42, "z_end": 107, "weight": 1}, {"a_end": 107, "z_end": 72, "weight": 1}, {"a_end": 122, "z_end": 55, "weight": 1}, {"a_end": 121, "z_end": 131, "weight": 1}, {"a_end": 46, "z_end": 129, "weight": 1}, {"a_end": 60, "z_end": 0, "weight": 1}, {"a_end": 3, "z_end": 94, "weight": 1}, {"a_end": 109, "z_end": 17, "weight": 1}, {"a_end": 37, "z_end": 59, "weight": 1}, {"a_end": 59, "z_end": 10, "weight": 1}, {"a_end": 111, "z_end": 104, "weight": 1}, {"a_end": 113, "z_end": 8, "weight": 1}, {"a_end": 84, "z_end": 127, "weight": 1}, {"a_end": 29, "z_end": 94, "weight": 1}, {"a_end": 5, "z_end": 39, "weight": 1}, {"a_end": 22, "z_end": 31, "weight": 1}, {"a_end": 5, "z_end": 116, "weight": 1}, {"a_end": 41, "z_end": 87, "weight": 1}, {"a_end": 102, "z_end": 124, "weight": 10}, {"a_end": 38, "z_end": 47, "weight": 1}, {"a_end": 9, "z_end": 120, "weight": 4}, {"a_end": 60, "z_end": 19, "weight": 1}, {"a_end": 50, "z_end": 53, "weight": 1}, {"a_end": 18, "z_end": 31, "weight": 1}, {"a_end": 121, "z_end": 99, "weight": 1}, {"a_end": 51, "z_end": 87, "weight": 1}, {"a_end": 37, "z_end": 104, "weight": 10}, {"a_end": 74, "z_end": 93, "weight": 1}, {"a_end": 115, "z_end": 128, "weight": 1}, {"a_end": 98, "z_end": 81, "weight": 1}, {"a_end": 124, "z_end": 98, "weight": 1}, {"a_end": 68, "z_end": 6, "weight": 4}, {"a_end": 23, "z_end": 40, "weight": 1}, {"a_end": 126, "z_end": 0, "weight": 1}, {"a_end": 125, "z_end": 17, "weight": 1}, {"a_end": 133, "z_end": 56, "weight": 1}, {"a_end": 81, "z_end": 28, "weight": 1}, {"a_end": 46, "z_end": 43, "weight": 1}, {"a_end": 89, "z_end": 85, "weight": 4}, {"a_end": 88, "z_end": 78, "weight": 1}, {"a_end": 62, "z_end": 26, "weight": 1}, {"a_end": 43, "z_end": 16, "weight": 1}, {"a_end": 44, "z_end": 109, "weight": 10}, {"a_end": 95, "z_end": 40, "weight": 4}, {"a_end": 9, "z_end": 133, "weight": 1}, {"a_end": 61, "z_end": 104, "weight": 1}, {"a_end": 41, "z_end": 3, "weight": 1}, {"a_end": 88, "z_end": 125, "weight": 1}, {"a_end": 129, "z_end": 96, "weight": 1}, {"a_end": 63, "z_end": 62, "weight": 1}, {"a_end": 41, "z_end": 17, "weight": 1}, {"a_end": 112, "z_end": 104, "weight": 1}, {"a_end": 123, "z_end": 14, "weight": 4}, {"a_end": 73, "z_end": 13, "weight": 4}, {"a_end": 66, "z_end": 74, "weight": 1}, {"a_end": 8, "z_end": 107, "weight": 1}, {"a_end": 63, "z_end": 43, "weight": 1}, {"a_end": 100, "z_end": 17, "weight": 1}, {"a_end": 86, "z_end": 37, "weight": 10}, {"a_end": 38, "z_end": 122, "weight": 1}, {"a_end": 12, "z_end": 64, "weight": 1}, {"a_end": 35, "z_end": 134, "weight": 1}, {"a_end": 122, "z_end": 7, "weight": 1}, {"a_end": 54, "z_end": 93, "weight": 10}, {"a_end": 39, "z_end": 94, "weight": 1}, {"a_end": 109, "z_end": 124, "weight": 1}, {"a_end": 122, "z_end": 78, "weight": 1}, {"a_end": 35, "z_end": 70, "weight": 1}, {"a_end": 35, "z_end": 2, "weight": 1}, {"a_end": 97, "z_end": 32, "weight": 1}, {"a_end": 6, "z_end": 67, "weight": 1}, {"a_end": 83, "z_end": 63, "weight": 1}, {"a_end": 107, "z_end": 65, "weight": 1}, {"a_end": 103, "z_end": 35, "weight": 1}, {"a_end": 34, "z_end": 36, "weight": 1}, {"a_end": 24, "z_end": 101, "weight": 4}, {"a_end": 24, "z_end": 47, "weight": 1}, {"a_end": 6, "z_end": 114, "weight": 1}, {"a_end": 36, "z_end": 18, "weight": 1}, {"a_end": 30, "z_end": 72, "weight": 1}, {"a_end": 32, "z_end": 77, "weight": 1}, {"a_end": 83, "z_end": 101, "weight": 1}, {"a_end": 126, "z_end": 56, "weight": 1}, {"a_end": 42, "z_end": 46, "weight": 1}, {"a_end": 47, "z_end": 96, "weight": 1}, {"a_end": 51, "z_end": 11, "weight": 1}, {"a_end": 129, "z_end": 14, "weight": 4}, {"a_end": 2, "z_end": 99, "weight": 10}, {"a_end": 118, "z_end": 16, "weight": 1}, {"a_end": 101, "z_end": 44, "weight": 10}, {"a_end": 59, "z_end": 64, "weight": 10}, {"a_end": 80, "z_end": 10, "weight": 1}, {"a_end": 62, "z_end": 99, "weight": 4}, {"a_end": 39, "z_end": 79, "weight": 1}, {"a_end": 75, "z_end": 128, "weight": 1}, {"a_end": 125, "z_end": 25, "weight": 1}, {"a_end": 15, "z_end": 130, "weight": 4}, {"a_end": 82, "z_end": 132, "weight": 1}, {"a_end": 79, "z_end": 74, "weight": 1}, {"a_end": 134, "z_end": 48, "weight": 1}, {"a_end": 16, "z_end": 83, "weight": 1}, {"a_end": 51, "z_end": 90, "weight": 1}, {"a_end": 16, "z_end": 81, "weight": 1}, {"a_end": 107, "z_end": 27, "weight": 1}, {"a_end": 19, "z_end": 18, "weight": 1}, {"a_end": 114, "z_end": 129, "weight": 1}, {"a_end": 5, "z_end": 113, "weight": 1}, {"a_end": 120, "z_end": 132, "weight": 1}, {"a_end": 131, "z_end": 99, "weight": 1}, {"a_end": 102, "z_end": 18, "weight": 1}, {"a_end": 57, "z_end": 6, "weight": 4}, {"a_end": 12, "z_end": 111, "weight": 10}, {"a_end": 10, "z_end": 63, "weight": 1}, {"a_end": 70, "z_end": 103, "weight": 1}, {"a_end": 109, "z_end": 116, "weight": 1}, {"a_end": 60, "z_end": 102, "weight": 10}, {"a_end": 98, "z_end": 83, "weight": 1}, {"a_end": 124, "z_end": 58, "weight": 1}, {"a_end": 21, "z_end": 9, "weight": 1}, {"a_end": 122, "z_end": 44, "weight": 1}, {"a_end": 125, "z_end": 95, "weight": 1}, {"a_end": 55, "z_end": 115, "weight": 1}, {"a_end": 67, "z_end": 62, "weight": 4}, {"a_end": 123, "z_end": 127, "weight": 1}, {"a_end": 98, "z_end": 78, "weight": 1}, {"a_end": 97, "z_end": 134, "weight": 1}, {"a_end": 1, "z_end": 41, "weight": 1}, {"a_end": 80, "z_end": 51, "weight": 1}, {"a_end": 79, "z_end": 100, "weight": 1}, {"a_end": 37, "z_end": 23, "weight": 1}, {"a_end": 44, "z_end": 20, "weight": 1}, {"a_end": 133, "z_end": 77, "weight": 1}, {"a_end": 96, "z_end": 118, "weight": 1}, {"a_end": 27, "z_end": 42, "weight": 10}, {"a_end": 110, "z_end": 52, "weight": 1}, {"a_end": 85, "z_end": 95, "weight": 1}, {"a_end": 48, "z_end": 66, "weight": 1}, {"a_end": 20, "z_end": 7, "weight": 4}, {"a_end": 82, "z_end": 131, "weight": 1}, {"a_end": 65, "z_end": 39, "weight": 1}, {"a_end": 129, "z_end": 51, "weight": 1}, {"a_end": 61, "z_end": 71, "weight": 10}, {"a_end": 97, "z_end": 40, "weight": 4}, {"a_end": 100, "z_end": 119, "weight": 1}, {"a_end": 102, "z_end": 111, "weight": 1}, {"a_end": 117, "z_end": 71, "weight": 1}, {"a_end": 44, "z_end": 98, "weight": 1}, {"a_end": 69, "z_end": 25, "weight": 1}, {"a_end": 48, "z_end": 55, "weight": 1}, {"a_end": 8, "z_end": 89, "weight": 4}, {"a_end": 94, "z_end": 4, "weight": 1}, {"a_end": 19, "z_end": 128, "weight": 1}, {"a_end": 10, "z_end": 101, "weight": 1}, {"a_end": 112, "z_end": 115, "weight": 1}, {"a_end": 61, "z_end": 1, "weight": 1}, {"a_end": 37, "z_end": 24, "weight": 1}, {"a_end": 79, "z_end": 48, "weight": 1}, {"a_end": 116, "z_end": 94, "weight": 1}, {"a_end": 0, "z_end": 94, "weight": 1}, {"a_end": 42, "z_end": 34, "weight": 1}, {"a_end": 110, "z_end": 12, "weight": 1}, {"a_end": 79, "z_end": 48, "weight": 1}, {"a_end": 106, "z_end": 103, "weight": 1}, {"a_end": 62, "z_end": 57, "weight": 4}, {"a_end": 119, "z_end": 4, "weight": 1}, {"a_end": 18, "z_end": 20, "weight": 1}, {"a_end": 111, "z_end": 48, "weight": 1}, {"a_end": 38, "z_end": 15, "weight": 1}, {"a_end": 127, "z_end": 134, "weight": 1}, {"a_end": 125, "z_end": 120, "weight": 1}, {"a_end": 86, "z_end": 39, "weight": 1}, {"a_end": 69, "z_end": 39, "weight": 1}, {"a_end": 90, "z_end": 73, "weight": 1}, {"a_end": 76, "z_end": 2, "weight": 1}, {"a_end": 18, "z_end": 17, "weight": 1}, {"a_end": 47, "z_end": 131, "weight": 1}, {"a_end": 25, "z_end": 48, "weight": 1}, {"a_end": 92, "z_end": 69, "weight": 1}, {"a_end": 90, "z_end": 15, "weight": 4}, {"a_end": 41, "z_end": 9, "weight": 1}, {"a_end": 126, "z_end": 70, "weight": 1}, {"a_end": 102, "z_end": 40, "weight": 1}, {"a_end": 8, "z_end": 26, "weight": 4}, {"a_end": 59, "z_end": 91, "weight": 1}, {"a_end": 64, "z_end": 104, "weight": 1}, {"a_end": 50, "z_end": 49, "weight": 1}, {"a_end": 134, "z_end": 108, "weight": 1}, {"a_end": 20, "z_end": 83, "weight": 10}, {"a_end": 56, "z_end": 54, "weight": 1}, {"a_end": 128, "z_end": 10, "weight": 1}, {"a_end": 90, "z_end": 44, "weight": 1}, {"a_end": 5, "z_end": 94, "weight": 1}, {"a_end": 126, "z_end": 122, "weight": 1}, {"a_end": 41, "z_end": 113, "weight": 1}, {"a_end": 4, "z_end": 71, "weight": 10}, {"a_end": 14, "z_end": 55, "weight": 1}, {"a_end": 28, "z_end": 79, "weight": 1}, {"a_end": 99, "z_end": 53, "weight": 10}, {"a_end": 118, "z_end": 93, "weight": 1}, {"a_end": 2, "z_end": 90, "weight": 1}, {"a_end": 44, "z_end": 67, "weight": 1}, {"a_end": 6, "z_end": 96, "weight": 1}, {"a_end": 41, "z_end": 46, "weight": 1}, {"a_end": 128, "z_end": 105, "weight": 1}, {"a_end": 52, "z_end": 57, "weight": 1}, {"a_end": 131, "z_end": 73, "weight": 1}, {"a_end": 115, "z_end": 92, "weight": 1}, {"a_end": 21, "z_end": 61, "weight": 1}, {"a_end": 103, "z_end": 45, "weight": 1}, {"a_end": 90, "z_end": 92, "weight": 1}, {"a_end": 33, "z_end": 6, "weight": 1}, {"a_end": 108, "z_end": 6, "weight": 1}, {"a_end": 53, "z_end": 27, "weight": 1}, {"a_end": 54, "z_end": 133, "weight": 1}, {"a_end": 94, "z_end": 131, "weight": 1}, {"a_end": 75, "z_end": 31, "weight": 1}, {"a_end": 41, "z_end": 61, "weight": 1}, {"a_end": 108, "z_end": 118, "weight": 1}, {"a_end": 126, "z_end": 48, "weight": 1}, {"a_end": 54, "z_end": 64, "weight": 1}, {"a_end": 47, "z_end": 110, "weight": 1}, {"a_end": 96, "z_end": 56, "weight": 1}, {"a_end": 125, "z_end": 122, "weight": 1}, {"a_end": 67, "z_end": 10, "weight": 10}, {"a_end": 117, "z_end": 52, "weight": 1}, {"a_end": 9, "z_end": 86, "weight": 1}, {"a_end": 112, "z_end": 77, "weight": 1}, {"a_end": 35, "z_end": 56, "weight": 1}, {"a_end": 40, "z_end": 96, "weight": 4}, {"a_end": 36, "z_end": 100, "weight": 1}, {"a_end": 8, "z_end": 0, "weight": 1}, {"a_end": 75, "z_end": 117, "weight": 1}, {"a_end": 50, "z_end": 124, "weight": 1}, {"a_end": 58, "z_end": 123, "weight": 4}, {"a_end": 14, "z_end": 6, "weight": 1}, {"a_end": 94, "z_end": 33, "weight": 1}, {"a_end": 127, "z_end": 85, "weight": 1}, {"a_end": 118, "z_end": 90, "weight": 4}, {"a_end": 99, "z_end": 114, "weight": 1}, {"a_end": 18, "z_end": 65, "weight": 1}, {"a_end": 26, "z_end": 95, "weight": 1}, {"a_end": 64, "z_end": 117, "weight": 10}, {"a_end": 31, "z_end": 50, "weight": 10}, {"a_end": 85, "z_end": 19, "weight": 1}, {"a_end": 78, "z_end": 63, "weight": 1}, {"a_end": 33, "z_end": 37, "weight": 1}, {"a_end": 67, "z_end": 26, "weight": 1}, {"a_end": 75, "z_end": 55, "weight": 1}, {"a_end": 131, "z_end": 52, "weight": 1}, {"a_end": 34, "z_end": 127, "weight": 1}, {"a_end": 126, "z_end": 55, "weight": 1}, {"a_end": 8, "z_end": 85, "weight": 4}, {"a_end": 133, "z_end": 94, "weight": 1}, {"a_end": 2, "z_end": 49, "weight": 1}, {"a_end": 36, "z_end": 72, "weight": 1}, {"a_end": 14, "z_end": 67, "weight": 10}, {"a_end": 105, "z_end": 15, "weight": 1}, {"a_end": 31, "z_end": 130, "weight": 1}, {"a_end": 5, "z_end": 59, "weight": 1}, {"a_end": 113, "z_end": 124, "weight": 1}, {"a_end": 128, "z_end": 95, "weight": 1}, {"a_end": 110, "z_end": 5, "weight": 1}, {"a_end": 93, "z_end": 36, "weight": 10}, {"a_end": 88, "z_end": 102, "weight": 1}, {"a_end": 113, "z_end": 116, "weight": 1}, {"a_end": 131, "z_end": 57, "weight": 1}, {"a_end": 112, "z_end": 59, "weight": 1}, {"a_end": 5, "z_end": 116, "weight": 1}, {"a_end": 56, "z_end": 22, "weight": 1}, {"a_end": 88, "z_end": 125, "weight": 1}, {"a_end": 39, "z_end": 42, "weight": 1}, {"a_end": 3, "z_end": 69, "weight": 1}, {"a_end": 83, "z_end": 84, "weight": 4}, {"a_end": 76, "z_end": 55, "weight": 1}, {"a_end": 12, "z_end": 116, "weight": 1}, {"a_end": 47, "z_end": 51, "weight": 1}, {"a_end": 38, "z_end": 2, "weight": 1}, {"a_end": 40, "z_end": 39, "weight": 1}, {"a_end": 56, "z_end": 28, "weight": 1}, {"a_end": 42, "z_end": 29, "weight": 1}, {"a_end": 103, "z_end": 31, "weight": 1}, {"a_end": 31, "z_end": 52, "weight": 10}, {"a_end": 53, "z_end": 4, "weight": 1}, {"a_end": 21, "z_end": 62, "weight": 1}, {"a_end": 56, "z_end": 24, "weight": 4}, {"a_end": 62, "z_end": 52, "weight": 1}, {"a_end": 110, "z_end": 133, "weight": 1}, {"a_end": 2, "z_end": 102, "weight": 1}, {"a_end": 77, "z_end": 81, "weight": 1}, {"a_end": 91, "z_end": 106, "weight": 1}, {"a_end": 8, "z_end": 127, "weight": 1}, {"a_end": 11, "z_end": 103, "weight": 1}, {"a_end": 123, "z_end": 46, "weight": 1}, {"a_end": 9, "z_end": 20, "weight": 1}, {"a_end": 65, "z_end": 120, "weight": 1}, {"a_end": 67, "z_end": 41, "weight": 1}, {"a_end": 74, "z_end": 87, "weight": 1}, {"a_end": 94, "z_end": 125, "weight": 4}, {"a_end": 67, "z_end": 99, "weight": 1}, {"a_end": 75, "z_end": 13, "weight": 1}, {"a_end": 29, "z_end": 73, "weight": 1}, {"a_end": 23, "z_end": 124, "weight": 1}, {"a_end": 83, "z_end": 35, "weight": 1}, {"a_end": 38, "z_end": 79, "weight": 1}, {"a_end": 78, "z_end": 99, "weight": 1}, {"a_end": 28, "z_end": 69, "weight": 1}, {"a_end": 113, "z_end": 59, "weight": 1}, {"a_end": 12, "z_end": 95, "weight": 1}, {"a_end": 108, "z_end": 131, "weight": 1}, {"a_end": 27, "z_end": 121, "weight": 1}, {"a_end": 55, "z_end": 93, "weight": 4}, {"a_end": 50, "z_end": 11, "weight": 4}, {"a_end": 126, "z_end": 77, "weight": 1}, {"a_end": 84, "z_end": 111, "weight": 1}, {"a_end": 47, "z_end": 4, "weight": 1}, {"a_end": 108, "z_end": 128, "weight": 4}, {"a_end": 51, "z_end": 41, "weight": 1}, {"a_end": 8, "z_end": 55, "weight": 1}, {"a_end": 54, "z_end": 42, "weight": 1}, {"a_end": 86, "z_end": 3, "weight": 1}, {"a_end": 59, "z_end": 115, "weight": 1}, {"a_end": 63, "z_end": 90, "weight": 1}, {"a_end": 96, "z_end": 48, "weight": 1}, {"a_end": 71, "z_end": 46, "weight": 1}, {"a_end": 94, "z_end": 122, "weight": 1}, {"a_end": 36, "z_end": 84, "weight": 1}, {"a_end": 94, "z_end": 37, "weight": 1}, {"a_end": 73, "z_end": 20, "weight": 1}, {"a_end": 14, "z_end": 62, "weight": 1}, {"a_end": 77, "z_end": 83, "weight": 1}, {"a_end": 97, "z_end": 42, "weight": 4}, {"a_end": 101, "z_end": 7, "weight": 1}, {"a_end": 69, "z_end": 68, "weight": 1}, {"a_end": 54, "z_end": 59, "weight": 1}, {"a_end": 31, "z_end": 6, "weight": 1}, {"a_end": 53, "z_end": 96, "weight": 1}, {"a_end": 48, "z_end": 127, "weight": 1}, {"a_end": 131, "z_end": 54, "weight": 1}, {"a_end": 42, "z_end": 110, "weight": 1}, {"a_end": 97, "z_end": 75, "weight": 1}, {"a_end": 33, "z_end": 132, "weight": 1}, {"a_end": 98, "z_end": 12, "weight": 1}, {"a_end": 35, "z_end": 1, "weight": 1}, {"a_end": 23, "z_end": 42, "weight": 1}, {"a_end": 116, "z_end": 28, "weight": 4}, {"a_end": 121, "z_end": 12, "weight": 1}, {"a_end": 19, "z_end": 83, "weight": 1}, {"a_end": 28, "z_end": 45, "weight": 1}, {"a_end": 130, "z_end": 75, "weight": 1}, {"a_end": 114, "z_end": 74, "weight": 1}, {"a_end": 105, "z_end": 100, "weight": 1}, {"a_end": 29, "z_end": 71, "weight": 1}, {"a_end": 89, "z_end": 1, "weight": 1}, {"a_end": 104, "z_end": 65, "weight": 1}, {"a_end": 118, "z_end": 80, "weight": 1}, {"a_end": 67, "z_end": 89, "weight": 1}, {"a_end": 34, "z_end": 88, "weight": 1}, {"a_end": 90, "z_end": 52, "weight": 1}, {"a_end": 41, "z_end": 23, "weight": 1}, {"a_end": 71, "z_end": 41, "weight": 1}, {"a_end": 0, "z_end": 87, "weight": 1}, {"a_end": 11, "z_end": 42, "weight": 4}, {"a_end": 88, "z_end": 54, "weight": 1}, {"a_end": 129, "z_end": 6, "weight": 4}, {"a_end": 10, "z_end": 7, "weight": 1}, {"a_end": 44, "z_end": 83, "weight": 1}, {"a_end": 59, "z_end": 32, "weight": 1}, {"a_end": 82, "z_end": 43, "weight": 4}, {"a_end": 50, "z_end": 24, "weight": 1}, {"a_end": 44, "z_end": 78, "weight": 4}, {"a_end": 105, "z_end": 64, "weight": 10}, {"a_end": 83, "z_end": 55, "weight": 1}, {"a_end": 101, "z_end": 98, "weight": 4}, {"a_end": 75, "z_end": 10, "weight": 4}, {"a_end": 62, "z_end": 76, "weight": 1}, {"a_end": 82, "z_end": 58, "weight": 1}, {"a_end": 77, "z_end": 110, "weight": 1}, {"a_end": 48, "z_end": 21, "weight": 1}, {"a_end": 118, "z_end": 117, "weight": 1}, {"a_end": 46, "z_end": 47, "weight": 1}, {"a_end": 112, "z_end": 12, "weight": 1}, {"a_end": 97, "z_end": 124, "weight": 1}, {"a_end": 21, "z_end": 124, "weight": 4}, {"a_end": 42, "z_end": 30, "weight": 1}, {"a_end": 2, "z_end": 7, "weight": 4}, {"a_end": 79, "z_end": 133, "weight": 1}, {"a_end": 36, "z_end": 0, "weight": 10}, {"a_end": 16, "z_end": 112, "weight": 1}, {"a_end": 23, "z_end": 104, "weight": 1}, {"a_end": 93, "z_end": 101, "weight": 1}, {"a_end": 112, "z_end": 125, "weight": 4}, {"a_end": 67, "z_end": 47, "weight": 1}, {"a_end": 76, "z_end": 57, "weight": 1}, {"a_end": 77, "z_end": 17, "weight": 1}, {"a_end": 36, "z_end": 40, "weight": 1}, {"a_end": 105, "z_end": 80, "weight": 1}, {"a_end": 66, "z_end": 90, "weight": 1}, {"a_end": 100, "z_end": 29, "weight": 1}, {"a_end": 94, "z_end": 130, "weight": 1}, {"a_end": 13, "z_end": 20, "weight": 1}, {"a_end": 51, "z_end": 61, "weight": 1}, {"a_end": 117, "z_end": 87, "weight": 1}, {"a_end": 120, "z_end": 74, "weight": 1}, {"a_end": 131, "z_end": 61, "weight": 1}, {"a_end": 121, "z_end": 71, "weight": 1}, {"a_end": 49, "z_end": 80, "weight": 1}, {"a_end": 81, "z_end": 123, "weight": 4}, {"a_end": 107, "z_end": 58, "weight": 1}, {"a_end": 67, "z_end": 52, "weight": 4}, {"a_end": 45, "z_end": 42, "weight": 1}, {"a_end": 24, "z_end": 47, "weight": 1}, {"a_end": 67, "z_end": 123, "weight": 1}, {"a_end": 108, "z_end": 69, "weight": 1}, {"a_end": 63, "z_end": 128, "weight": 1}, {"a_end": 65, "z_end": 22, "weight": 1}, {"a_end": 29, "z_end": 75, "weight": 1}, {"a_end": 16, "z_end": 52, "weight": 1}, {"a_end": 43, "z_end": 2, "weight": 1}, {"a_end": 130, "z_end": 129, "weight": 1}, {"a_end": 60, "z_end": 110, "weight": 1}, {"a_end": 107, "z_end": 101, "weight": 1}, {"a_end": 66, "z_end": 46, "weight": 1}, {"a_end": 110, "z_end": 49, "weight": 1}, {"a_end": 3, "z_end": 74, "weight": 1}, {"a_end": 96, "z_end": 106, "weight": 1}, {"a_end": 50, "z_end": 66, "weight": 1}, {"a_end": 101, "z_end": 125, "weight": 1}, {"a_end": 72, "z_end": 59, "weight": 1}, {"a_end": 15, "z_end": 92, "weight": 1}, {"a_end": 64, "z_end": 95, "weight": 1}, {"a_end": 87, "z_end": 109, "weight": 10}, {"a_end": 131, "z_end": 14, "weight": 1}, {"a_end": 67, "z_end": 41, "weight": 1}, {"a_end": 59, "z_end": 47, "weight": 1}, {"a_end": 26, "z_end": 85, "weight": 1}, {"a_end": 57, "z_end": 43, "weight": 1}, {"a_end": 44, "z_end": 80, "weight": 1}, {"a_end": 134, "z_end": 21, "weight": 10}, {"a_end": 8, "z_end": 13, "weight": 1}, {"a_end": 123, "z_end": 46, "weight": 1}, {"a_end": 43, "z_end": 101, "weight": 1}, {"a_end": 96, "z_end": 77, "weight": 1}, {"a_end": 118, "z_end": 10, "weight": 1}, {"a_end": 42, "z_end": 37, "weight": 1}, {"a_end": 47, "z_end": 97, "weight": 1}, {"a_end": 114, "z_end": 42, "weight": 1}, {"a_end": 103, "z_end": 98, "weight": 1}, {"a_end": 87, "z_end": 30, "weight": 1}, {"a_end": 52, "z_end": 131, "weight": 1}, {"a_end": 45, "z_end": 25, "weight": 1}, {"a_end": 29, "z_end": 86, "weight": 1}, {"a_end": 10, "z_end": 29, "weight": 1}, {"a_end": 97, "z_end": 86, "weight": 4}, {"a_end": 102, "z_end": 122, "weight": 1}, {"a_end": 69, "z_end": 21, "weight": 1}, {"a_end": 102, "z_end": 13, "weight": 1}, {"a_end": 134, "z_end": 64, "weight": 1}, {"a_end": 37, "z_end": 91, "weight": 1}, {"a_end": 132, "z_end": 127, "weight": 4}, {"a_end": 22, "z_end": 81, "weight": 1}, {"a_end": 25, "z_end": 116, "weight": 1}, {"a_end": 101, "z_end": 105, "weight": 4}, {"a_end": 115, "z_end": 122, "weight": 1}, {"a_end": 72, "z_end": 14, "weight": 1}, {"a_end": 105, "z_end": 62, "weight": 1}, {"a_end": 13, "z_end": 67, "weight": 1}, {"a_end": 61, "z_end": 120, "weight": 1}, {"a_end": 67, "z_end": 69, "weight": 1}, {"a_end": 109, "z_end": 59, "weight": 1}, {"a_end": 111, "z_end": 97, "weight": 1}, {"a_end": 87, "z_end": 48, "weight": 1}, {"a_end": 80, "z_end": 92, "weight": 1}, {"a_end": 72, "z_end": 114, "weight": 1}, {"a_end": 6, "z_end": 23, "weight": 1}, {"a_end": 70, "z_end": 17, "weight": 1}, {"a_end": 30, "z_end": 127, "weight": 1}, {"a_end": 120, "z_end": 81, "weight": 1}, {"a_end": 108, "z_end": 84, "weight": 1}, {"a_end": 99, "z_end": 58, "weight": 1}, {"a_end": 134, "z_end": 66, "weight": 1}, {"a_end": 19, "z_end": 35, "weight": 1}, {"a_end": 45, "z_end": 19, "weight": 1}, {"a_end": 51, "z_end": 95, "weight": 1}, {"a_end": 103, "z_end": 131, "weight": 1}, {"a_end": 102, "z_end": 125, "weight": 1}, {"a_end": 27, "z_end": 132, "weight": 4}, {"a_end": 37, "z_end": 22, "weight": 1}, {"a_end": 102, "z_end": 126, "weight": 1}, {"a_end": 48, "z_end": 106, "weight": 1}, {"a_end": 58, "z_end": 70, "weight": 1}, {"a_end": 52, "z_end": 4, "weight": 1}, {"a_end": 43, "z_end": 51, "weight": 1}, {"a_end": 13, "z_end": 85, "weight": 10}, {"a_end": 101, "z_end": 50, "weight": 1}, {"a_end": 28, "z_end": 102, "weight": 1}, {"a_end": 72, "z_end": 23, "weight": 1}, {"a_end": 68, "z_end": 9, "weight": 1}, {"a_end": 62, "z_end": 124, "weight": 1}, {"a_end": 98, "z_end": 108, "weight": 1}, {"a_end": 88, "z_end": 15, "weight": 1}, {"a_end": 95, "z_end": 122, "weight": 1}, {"a_end": 69, "z_end": 6, "weight": 1}, {"a_end": 5, "z_end": 32, "weight": 1}, {"a_end": 8, "z_end": 124, "weight": 1}, {"a_end": 99, "z_end": 80, "weight": 1}, {"a_end": 118, "z_end": 20, "weight": 1}, {"a_end": 69, "z_end": 12, "weight": 1}, {"a_end": 67, "z_end": 81, "weight": 1}, {"a_end": 78, "z_end": 47, "weight": 1}, {"a_end": 10, "z_end": 33, "weight": 1}, {"a_end": 43, "z_end": 9, "weight": 1}, {"a_end": 67, "z_end": 130, "weight": 1}, {"a_end": 41, "z_end": 99, "weight": 1}, {"a_end": 133, "z_end": 57, "weight": 1}, {"a_end": 6, "z_end": 21, "weight": 1}, {"a_end": 66, "z_end": 110, "weight": 1}, {"a_end": 22, "z_end": 134, "weight": 1}, {"a_end": 88, "z_end": 97, "weight": 1}, {"a_end": 121, "z_end": 64, "weight": 1}, {"a_end": 18, "z_end": 124, "weight": 1}, {"a_end": 87, "z_end": 62, "weight": 1}, {"a_end": 86, "z_end": 55, "weight": 1}, {"a_end": 0, "z_end": 40, "weight": 1}, {"a_end": 122, "z_end": 101, "weight": 1}, {"a_end": 42, "z_end": 0, "weight": 1}]