{"nodes": [0, 1, 2, 3, 4, 5, 6, 7, 8, 9, 10, 11, 12, 13, 14, 15, 16, 17, 18, 19, 20, 21, 22, 23, 24, 25, 26, 27, 28, 29, 30, 31, 32, 33, 34, 35, 36, 37, 38, 39, 40, 41, 42, 43, 44, 45, 46, 47, 48, 49, 50, 51, 52, 53, 54, 55, 56, 57, 58, 59, 60, 61, 62, 63, 64], "edges": [{"a_end": 0, "z_end": 49, "lanes": [0, 1, 2, 3, 4, 5, 6, 7, 8, 9, 10, 11, 12, 13, 14, 15, 16, 17, 18, 19], "lane_weights": [10, 10, 10, 10, 10, 10, 10, 10, 10, 10, 10, 10, 10, 10, 10, 10, 10, 10, 10, 10], "cost": 2.0}, {"a_end": 0, "z_end": 50, "lanes": [0, 1, 2, 3, 4, 5, 6, 7, 8, 9, 10, 11, 12, 13, 14, 15, 16, 17, 18, 19, 20, 21, 22, 23, 24, 25, 26, 27, 28, 29], "lane_weights": [10, 10, 10, 10, 10, 10, 10, 10, 10, 10, 10, 10, 10, 10, 10, 10, 10, 10, 10, 10, 10, 10, 10, 10, 10, 10, 10, 10, 10, 10], "cost": 2.0}, {"a_end": 0, "z_end": 57, "lanes": [0, 1, 2, 3, 4, 5, 6, 7, 8, 9, 10, 11, 12, 13, 14, 15, 16, 17, 18, 19], "lane_weights": [10, 10, 10, 10, 10, 10, 10, 10, 10, 10, 10, 10, 10, 10, 10, 10, 10, 10, 10, 10], "cost": 2.0}, {"a_end": 0, "z_end": 63, "lanes": [0, 1, 2, 3, 4, 5, 6, 7, 8, 9, 10, 11, 12, 13, 14, 15, 16, 17, 18, 19], "lane_weights": [10, 10, 10, 10, 10, 10, 10, 10, 10, 10, 10, 10, 10, 10, 10, 10, 10, 10, 10, 10], "cost": 2.0}, {"a_end": 0, "z_end": 35, "lanes": [0, 1, 2, 3, 4, 5, 6, 7, 8, 9, 10, 11, 12, 13, 14, 15, 16, 17, 18, 19], "lane_weights": [10, 10, 10, 10, 10, 10, 10, 10, 10, 10, 10, 10, 10, 10, 10, 10, 10, 10, 10, 10], "cost": 1.0}, {"a_end": 0, "z_end": 12, "lanes": [0, 1, 2, 3, 4, 5, 6, 7, 8, 9, 10, 11, 12, 13, 14, 15, 16, 17, 18, 19, 20, 21, 22, 23, 24, 25, 26, 27, 28, 29, 30, 31, 32, 33, 34, 35, 36, 37, 38, 39], "lane_weights": [10, 10, 10, 10, 10, 10, 10, 10, 10, 10, 10, 10, 10, 10, 10, 10, 10, 10, 10, 10, 10, 10, 10, 10, 10, 10, 10, 10, 10, 10, 10, 10, 10, 10, 10, 10, 10, 10, 10, 10], "cost": 3.0}, {"a_end": 0, "z_end": 24, "lanes": [0, 1, 2, 3, 4, 5, 6, 7, 8, 9], "lane_weights": [10, 10, 10, 10, 10, 10, 10, 10, 10, 10], "cost": 1.0}, {"a_end": 1, "z_end": 54, "lanes": [0, 1, 2, 3, 4, 5, 6, 7, 8, 9], "lane_weights": [10, 10, 10, 10, 10, 10, 10, 10, 10, 10], "cost": 1.0}, {"a_end": 1, "z_end": 19, "lanes": [0, 1, 2, 3, 4, 5, 6, 7, 8, 9], "lane_weights": [10, 10, 10, 10, 10, 10, 10, 10, 10, 10], "cost": 1.0}, {"a_end": 1, "z_end": 48, "lanes": [0, 1, 2, 3, 4, 5, 6, 7, 8, 9], "lane_weights": [10, 10, 10, 10, 10, 10, 10, 10, 10, 10], "cost": 1.0}, {"a_end": 1, "z_end": 25, "lanes": [0, 1, 2, 3, 4, 5, 6, 7, 8, 9], "lane_weights": [10, 10, 10, 10, 10, 10, 10, 10, 10, 10], "cost": 1.0}, {"a_end": 1, "z_end": 53, "lanes": [0, 1, 2, 3, 4, 5, 6, 7, 8, 9], "lane_weights": [10, 10, 10, 10, 10, 10, 10, 10, 10, 10], "cost": 1.0}, {"a_end": 1, "z_end": 12, "lanes": [0, 1, 2, 3, 4, 5, 6, 7, 8, 9], "lane_weights": [10, 10, 10, 10, 10, 10, 10, 10, 10, 10], "cost": 1.0}, {"a_end": 1, "z_end": 43, "lanes": [0, 1, 2, 3, 4, 5, 6, 7, 8, 9], "lane_weights": [10, 10, 10, 10, 10, 10, 10, 10, 10, 10], "cost": 1.0}, {"a_end": 1, "z_end": 32, "lanes": [0, 1, 2, 3, 4, 5, 6, 7, 8, 9], "lane_weights": [10, 10, 10, 10, 10, 10, 10, 10, 10, 10], "cost": 1.0}, {"a_end": 1, "z_end": 61, "lanes": [0, 1, 2, 3, 4, 5, 6, 7, 8, 9, 10, 11, 12, 13, 14, 15, 16, 17, 18, 19], "lane_weights": [10, 10, 10, 10, 10, 10, 10, 10, 10, 10, 10, 10, 10, 10, 10, 10, 10, 10, 10, 10], "cost": 2.0}, {"a_end": 1, "z_end": 64, "lanes": [0, 1, 2, 3, 4, 5, 6, 7, 8, 9], "lane_weights": [10, 10, 10, 10, 10, 10, 10, 10, 10, 10], "cost": 1.0}, {"a_end": 2, "z_end": 58, "lanes": [0, 1, 2, 3, 4, 5, 6, 7, 8, 9], "lane_weights": [10, 10, 10, 10, 10, 10, 10, 10, 10, 10], "cost": 1.0}, {"a_end": 2, "z_end": 39, "lanes": [0, 1, 2, 3, 4, 5, 6, 7, 8, 9], "lane_weights": [10, 10, 10, 10, 10, 10, 10, 10, 10, 10], "cost": 1.0}, {"a_end": 2, "z_end": 32, "lanes": [0, 1, 2, 3, 4, 5, 6, 7, 8, 9, 10, 11, 12, 13, 14, 15, 16, 17, 18, 19], "lane_weights": [10, 10, 10, 10, 10, 10, 10, 10, 10, 10, 10, 10, 10, 10, 10, 10, 10, 10, 10, 10], "cost": 2.0}, {"a_end": 2, "z_end": 16, "lanes": [0, 1, 2, 3, 4, 5, 6, 7, 8, 9, 10, 11, 12, 13, 14, 15, 16, 17, 18, 19], "lane_weights": [10, 10, 10, 10, 10, 10, 10, 10, 10, 10, 10, 10, 10, 10, 10, 10, 10, 10, 10, 10], "cost": 1.0}, {"a_end": 2, "z_end": 41, "lanes": [0, 1, 2, 3, 4, 5, 6, 7, 8, 9, 10, 11, 12, 13, 14, 15, 16, 17, 18, 19, 20, 21, 22, 23, 24, 25, 26, 27, 28, 29], "lane_weights": [10, 10, 10, 10, 10, 10, 10, 10, 10, 10, 10, 10, 10, 10, 10, 10, 10, 10, 10, 10, 10, 10, 10, 10, 10, 10, 10, 10, 10, 10], "cost": 2.0}, {"a_end": 2, "z_end": 43, "lanes": [0, 1, 2, 3, 4, 5, 6, 7, 8, 9, 10, 11, 12, 13, 14, 15, 16, 17, 18, 19, 20, 21, 22, 23, 24, 25, 26, 27, 28, 29], "lane_weights": [10, 10, 10, 10, 10, 10, 10, 10, 10, 10, 10, 10, 10, 10, 10, 10, 10, 10, 10, 10, 10, 10, 10, 10, 10, 10, 10, 10, 10, 10], "cost": 2.0}, {"a_end": 2, "z_end": 6, "lanes": [0, 1, 2, 3, 4, 5, 6, 7, 8, 9, 10, 11, 12, 13, 14, 15, 16, 17, 18, 19], "lane_weights": [10, 10, 10, 10, 10, 10, 10, 10, 10, 10, 10, 10, 10, 10, 10, 10, 10, 10, 10, 10], "cost": 1.0}, {"a_end": 2, "z_end": 12, "lanes": [0, 1, 2, 3, 4, 5, 6, 7, 8, 9], "lane_weights": [10, 10, 10, 10, 10, 10, 10, 10, 10, 10], "cost": 1.0}, {"a_end": 2, "z_end": 27, "lanes": [0, 1, 2, 3, 4, 5, 6, 7, 8, 9, 10, 11, 12, 13, 14, 15, 16, 17, 18, 19, 20, 21, 22, 23, 24, 25, 26, 27, 28, 29], "lane_weights": [10, 10, 10, 10, 10, 10, 10, 10, 10, 10, 10, 10, 10, 10, 10, 10, 10, 10, 10, 10, 10, 10, 10, 10, 10, 10, 10, 10, 10, 10], "cost": 2.0}, {"a_end": 2, "z_end": 20, "lanes": [0, 1, 2, 3, 4, 5, 6, 7, 8, 9, 10, 11, 12, 13, 14, 15, 16, 17, 18, 19, 20, 21, 22, 23, 24, 25, 26, 27, 28, 29], "lane_weights": [10, 10, 10, 10, 10, 10, 10, 10, 10, 10, 10, 10, 10, 10, 10, 10, 10, 10, 10, 10, 10, 10, 10, 10, 10, 10, 10, 10, 10, 10], "cost": 2.0}, {"a_end": 3, "z_end": 56, "lanes": [0, 1, 2, 3, 4, 5, 6, 7, 8, 9, 10, 11, 12, 13, 14, 15, 16, 17, 18, 19], "lane_weights": [10, 10, 10, 10, 10, 10, 10, 10, 10, 10, 10, 10, 10, 10, 10, 10, 10, 10, 10, 10], "cost": 1.0}, {"a_end": 3, "z_end": 6, "lanes": [0, 1, 2, 3, 4, 5, 6, 7, 8, 9, 10, 11, 12, 13, 14, 15, 16, 17, 18, 19], "lane_weights": [10, 10, 10, 10, 10, 10, 10, 10, 10, 10, 10, 10, 10, 10, 10, 10, 10, 10, 10, 10], "cost": 2.0}, {"a_end": 3, "z_end": 49, "lanes": [0, 1, 2, 3, 4, 5, 6, 7, 8, 9], "lane_weights": [10, 10, 10, 10, 10, 10, 10, 10, 10, 10], "cost": 1.0}, {"a_end": 3, "z_end": 30, "lanes": [0, 1, 2, 3, 4, 5, 6, 7, 8, 9, 10, 11, 12, 13, 14, 15, 16, 17, 18, 19, 20, 21, 22, 23, 24, 25, 26, 27, 28, 29, 30, 31, 32, 33, 34, 35, 36, 37, 38, 39], "lane_weights": [10, 10, 10, 10, 10, 10, 10, 10, 10, 10, 10, 10, 10, 10, 10, 10, 10, 10, 10, 10, 10, 10, 10, 10, 10, 10, 10, 10, 10, 10, 10, 10, 10, 10, 10, 10, 10, 10, 10, 10], "cost": 3.0}, {"a_end": 3, "z_end": 58, "lanes": [0, 1, 2, 3, 4, 5, 6, 7, 8, 9, 10, 11, 12, 13, 14, 15, 16, 17, 18, 19, 20, 21, 22, 23, 24, 25, 26, 27, 28, 29], "lane_weights": [10, 10, 10, 10, 10, 10, 10, 10, 10, 10, 10, 10, 10, 10, 10, 10, 10, 10, 10, 10, 10, 10, 10, 10, 10, 10, 10, 10, 10, 10], "cost": 2.0}, {"a_end": 3, "z_end": 5, "lanes": [0, 1, 2, 3, 4, 5, 6, 7, 8, 9, 10, 11, 12, 13, 14, 15, 16, 17, 18, 19, 20, 21, 22, 23, 24, 25, 26, 27, 28, 29], "lane_weights": [10, 10, 10, 10, 10, 10, 10, 10, 10, 10, 10, 10, 10, 10, 10, 10, 10, 10, 10, 10, 10, 10, 10, 10, 10, 10, 10, 10, 10, 10], "cost": 2.0}, {"a_end": 3, "z_end": 31, "lanes": [0, 1, 2, 3, 4, 5, 6, 7, 8, 9, 10, 11, 12, 13, 14, 15, 16, 17, 18, 19, 20, 21, 22, 23, 24, 25, 26, 27, 28, 29, 30, 31, 32, 33, 34, 35, 36, 37, 38, 39], "lane_weights": [10, 10, 10, 10, 10, 10, 10, 10, 10, 10, 10, 10, 10, 10, 10, 10, 10, 10, 10, 10, 10, 10, 10, 10, 10, 10, 10, 10, 10, 10, 10, 10, 10, 10, 10, 10, 10, 10, 10, 10], "cost": 3.0}, {"a_end": 3, "z_end": 34, "lanes": [0, 1, 2, 3, 4, 5, 6, 7, 8, 9], "lane_weights": [10, 10, 10, 10, 10, 10, 10, 10, 10, 10], "cost": 1.0}, {"a_end": 4, "z_end": 10, "lanes": [0, 1, 2, 3, 4, 5, 6, 7, 8, 9, 10, 11, 12, 13, 14, 15, 16, 17, 18, 19], "lane_weights": [10, 10, 10, 10, 10, 10, 10, 10, 10, 10, 10, 10, 10, 10, 10, 10, 10, 10, 10, 10], "cost": 2.0}, {"a_end": 4, "z_end": 41, "lanes": [0, 1, 2, 3, 4, 5, 6, 7, 8, 9, 10, 11, 12, 13, 14, 15, 16, 17, 18, 19, 20, 21, 22, 23, 24, 25, 26, 27, 28, 29], "lane_weights": [10, 10, 10, 10, 10, 10, 10, 10, 10, 10, 10, 10, 10, 10, 10, 10, 10, 10, 10, 10, 10, 10, 10, 10, 10, 10, 10, 10, 10, 10], "cost": 2.0}, {"a_end": 4, "z_end": 24, "lanes": [0, 1, 2, 3, 4, 5, 6, 7, 8, 9, 10, 11, 12, 13, 14, 15, 16, 17, 18, 19, 20, 21, 22, 23, 24, 25, 26, 27, 28, 29], "lane_weights": [10, 10, 10, 10, 10, 10, 10, 10, 10, 10, 10, 10, 10, 10, 10, 10, 10, 10, 10, 10, 10, 10, 10, 10, 10, 10, 10, 10, 10, 10], "cost": 2.0}, {"a_end": 4, "z_end": 33, "lanes": [0, 1, 2, 3, 4, 5, 6, 7, 8, 9, 10, 11, 12, 13, 14, 15, 16, 17, 18, 19], "lane_weights": [10, 10, 10, 10, 10, 10, 10, 10, 10, 10, 10, 10, 10, 10, 10, 10, 10, 10, 10, 10], "cost": 1.0}, {"a_end": 4, "z_end": 54, "lanes": [0, 1, 2, 3, 4, 5, 6, 7, 8, 9], "lane_weights": [10, 10, 10, 10, 10, 10, 10, 10, 10, 10], "cost": 1.0}, {"a_end": 4, "z_end": 20, "lanes": [0, 1, 2, 3, 4, 5, 6, 7, 8, 9, 10, 11, 12, 13, 14, 15, 16, 17, 18, 19], "lane_weights": [10, 10, 10, 10, 10, 10, 10, 10, 10, 10, 10, 10, 10, 10, 10, 10, 10, 10, 10, 10], "cost": 2.0}, {"a_end": 4, "z_end": 9, "lanes": [0, 1, 2, 3, 4, 5, 6, 7, 8, 9], "lane_weights": [10, 10, 10, 10, 10, 10, 10, 10, 10, 10], "cost": 1.0}, {"a_end": 4, "z_end": 59, "lanes": [0, 1, 2, 3, 4, 5, 6, 7, 8, 9, 10, 11, 12, 13, 14, 15, 16, 17, 18, 19, 20, 21, 22, 23, 24, 25, 26, 27, 28, 29], "lane_weights": [10, 10, 10, 10, 10, 10, 10, 10, 10, 10, 10, 10, 10, 10, 10, 10, 10, 10, 10, 10, 10, 10, 10, 10, 10, 10, 10, 10, 10, 10], "cost": 2.0}, {"a_end": 4, "z_end": 6, "lanes": [0, 1, 2, 3, 4, 5, 6, 7, 8, 9], "lane_weights": [10, 10, 10, 10, 10, 10, 10, 10, 10, 10], "cost": 1.0}, {"a_end": 5, "z_end": 44, "lanes": [0, 1, 2, 3, 4, 5, 6, 7, 8, 9, 10, 11, 12, 13, 14, 15, 16, 17, 18, 19], "lane_weights": [10, 10, 10, 10, 10, 10, 10, 10, 10, 10, 10, 10, 10, 10, 10, 10, 10, 10, 10, 10], "cost": 1.0}, {"a_end": 5, "z_end": 18, "lanes": [0, 1, 2, 3, 4, 5, 6, 7, 8, 9, 10, 11, 12, 13, 14, 15, 16, 17, 18, 19], "lane_weights": [10, 10, 10, 10, 10, 10, 10, 10, 10, 10, 10, 10, 10, 10, 10, 10, 10, 10, 10, 10], "cost": 1.0}, {"a_end": 5, "z_end": 36, "lanes": [0, 1, 2, 3, 4, 5, 6, 7, 8, 9], "lane_weights": [10, 10, 10, 10, 10, 10, 10, 10, 10, 10], "cost": 1.0}, {"a_end": 5, "z_end": 47, "lanes": [0, 1, 2, 3, 4, 5, 6, 7, 8, 9, 10, 11, 12, 13, 14, 15, 16, 17, 18, 19], "lane_weights": [10, 10, 10, 10, 10, 10, 10, 10, 10, 10, 10, 10, 10, 10, 10, 10, 10, 10, 10, 10], "cost": 1.0}, {"a_end": 5, "z_end": 34, "lanes": [0, 1, 2, 3, 4, 5, 6, 7, 8, 9, 10, 11, 12, 13, 14, 15, 16, 17, 18, 19], "lane_weights": [10, 10, 10, 10, 10, 10, 10, 10, 10, 10, 10, 10, 10, 10, 10, 10, 10, 10, 10, 10], "cost": 2.0}, {"a_end": 5, "z_end": 60, "lanes": [0, 1, 2, 3, 4, 5, 6, 7, 8, 9, 10, 11, 12, 13, 14, 15, 16, 17, 18, 19], "lane_weights": [10, 10, 10, 10, 10, 10, 10, 10, 10, 10, 10, 10, 10, 10, 10, 10, 10, 10, 10, 10], "cost": 1.0}, {"a_end": 5, "z_end": 10, "lanes": [0, 1, 2, 3, 4, 5, 6, 7, 8, 9, 10, 11, 12, 13, 14, 15, 16, 17, 18, 19, 20, 21, 22, 23, 24, 25, 26, 27, 28, 29], "lane_weights": [10, 10, 10, 10, 10, 10, 10, 10, 10, 10, 10, 10, 10, 10, 10, 10, 10, 10, 10, 10, 10, 10, 10, 10, 10, 10, 10, 10, 10, 10], "cost": 3.0}, {"a_end": 6, "z_end": 48, "lanes": [0, 1, 2, 3, 4, 5, 6, 7, 8, 9, 10, 11, 12, 13, 14, 15, 16, 17, 18, 19, 20, 21, 22, 23, 24, 25, 26, 27, 28, 29], "lane_weights": [10, 10, 10, 10, 10, 10, 10, 10, 10, 10, 10, 10, 10, 10, 10, 10, 10, 10, 10, 10, 10, 10, 10, 10, 10, 10, 10, 10, 10, 10], "cost": 3.0}, {"a_end": 6, "z_end": 42, "lanes": [0, 1, 2, 3, 4, 5, 6, 7, 8, 9, 10, 11, 12, 13, 14, 15, 16, 17, 18, 19, 20, 21, 22, 23, 24, 25, 26, 27, 28, 29], "lane_weights": [10, 10, 10, 10, 10, 10, 10, 10, 10, 10, 10, 10, 10, 10, 10, 10, 10, 10, 10, 10, 10, 10, 10, 10, 10, 10, 10, 10, 10, 10], "cost": 3.0}, {"a_end": 6, "z_end": 19, "lanes": [0, 1, 2, 3, 4, 5, 6, 7, 8, 9], "lane_weights": [10, 10, 10, 10, 10, 10, 10, 10, 10, 10], "cost": 1.0}, {"a_end": 6, "z_end": 61, "lanes": [0, 1, 2, 3, 4, 5, 6, 7, 8, 9], "lane_weights": [10, 10, 10, 10, 10, 10, 10, 10, 10, 10], "cost": 1.0}, {"a_end": 6, "z_end": 30, "lanes": [0, 1, 2, 3, 4, 5, 6, 7, 8, 9, 10, 11, 12, 13, 14, 15, 16, 17, 18, 19], "lane_weights": [10, 10, 10, 10, 10, 10, 10, 10, 10, 10, 10, 10, 10, 10, 10, 10, 10, 10, 10, 10], "cost": 1.0}, {"a_end": 6, "z_end": 56, "lanes": [0, 1, 2, 3, 4, 5, 6, 7, 8, 9], "lane_weights": [10, 10, 10, 10, 10, 10, 10, 10, 10, 10], "cost": 1.0}, {"a_end": 7, "z_end": 40, "lanes": [0, 1, 2, 3, 4, 5, 6, 7, 8, 9, 10, 11, 12, 13, 14, 15, 16, 17, 18, 19, 20, 21, 22, 23, 24, 25, 26, 27, 28, 29], "lane_weights": [10, 10, 10, 10, 10, 10, 10, 10, 10, 10, 10, 10, 10, 10, 10, 10, 10, 10, 10, 10, 10, 10, 10, 10, 10, 10, 10, 10, 10, 10], "cost": 2.0}, {"a_end": 7, "z_end": 12, "lanes": [0, 1, 2, 3, 4, 5, 6, 7, 8, 9], "lane_weights": [10, 10, 10, 10, 10, 10, 10, 10, 10, 10], "cost": 1.0}, {"a_end": 7, "z_end": 58, "lanes": [0, 1, 2, 3, 4, 5, 6, 7, 8, 9], "lane_weights": [10, 10, 10, 10, 10, 10, 10, 10, 10, 10], "cost": 1.0}, {"a_end": 7, "z_end": 11, "lanes": [0, 1, 2, 3, 4, 5, 6, 7, 8, 9], "lane_weights": [10, 10, 10, 10, 10, 10, 10, 10, 10, 10], "cost": 1.0}, {"a_end": 7, "z_end": 62, "lanes": [0, 1, 2, 3, 4, 5, 6, 7, 8, 9, 10, 11, 12, 13, 14, 15, 16, 17, 18, 19], "lane_weights": [10, 10, 10, 10, 10, 10, 10, 10, 10, 10, 10, 10, 10, 10, 10, 10, 10, 10, 10, 10], "cost": 1.0}, {"a_end": 7, "z_end": 48, "lanes": [0, 1, 2, 3, 4, 5, 6, 7, 8, 9, 10, 11, 12, 13, 14, 15, 16, 17, 18, 19, 20, 21, 22, 23, 24, 25, 26, 27, 28, 29], "lane_weights": [10, 10, 10, 10, 10, 10, 10, 10, 10, 10, 10, 10, 10, 10, 10, 10, 10, 10, 10, 10, 10, 10, 10, 10, 10, 10, 10, 10, 10, 10], "cost": 2.0}, {"a_end": 7, "z_end": 15, "lanes": [0, 1, 2, 3, 4, 5, 6, 7, 8, 9, 10, 11, 12, 13, 14, 15, 16, 17, 18, 19], "lane_weights": [10, 10, 10, 10, 10, 10, 10, 10, 10, 10, 10, 10, 10, 10, 10, 10, 10, 10, 10, 10], "cost": 1.0}, {"a_end": 7, "z_end": 46, "lanes": [0, 1, 2, 3, 4, 5, 6, 7, 8, 9], "lane_weights": [10, 10, 10, 10, 10, 10, 10, 10, 10, 10], "cost": 1.0}, {"a_end": 7, "z_end": 23, "lanes": [0, 1, 2, 3, 4, 5, 6, 7, 8, 9, 10, 11, 12, 13, 14, 15, 16, 17, 18, 19], "lane_weights": [10, 10, 10, 10, 10, 10, 10, 10, 10, 10, 10, 10, 10, 10, 10, 10, 10, 10, 10, 10], "cost": 2.0}, {"a_end": 7, "z_end": 29, "lanes": [0, 1, 2, 3, 4, 5, 6, 7, 8, 9], "lane_weights": [10, 10, 10, 10, 10, 10, 10, 10, 10, 10], "cost": 1.0}, {"a_end": 8, "z_end": 54, "lanes": [0, 1, 2, 3, 4, 5, 6, 7, 8, 9], "lane_weights": [10, 10, 10, 10, 10, 10, 10, 10, 10, 10], "cost": 1.0}, {"a_end": 8, "z_end": 58, "lanes": [0, 1, 2, 3, 4, 5, 6, 7, 8, 9, 10, 11, 12, 13, 14, 15, 16, 17, 18, 19], "lane_weights": [10, 10, 10, 10, 10, 10, 10, 10, 10, 10, 10, 10, 10, 10, 10, 10, 10, 10, 10, 10], "cost": 2.0}, {"a_end": 8, "z_end": 17, "lanes": [0, 1, 2, 3, 4, 5, 6, 7, 8, 9, 10, 11, 12, 13, 14, 15, 16, 17, 18, 19, 20, 21, 22, 23, 24, 25, 26, 27, 28, 29], "lane_weights": [10, 10, 10, 10, 10, 10, 10, 10, 10, 10, 10, 10, 10, 10, 10, 10, 10, 10, 10, 10, 10, 10, 10, 10, 10, 10, 10, 10, 10, 10], "cost": 2.0}, {"a_end": 8, "z_end": 50, "lanes": [0, 1, 2, 3, 4, 5, 6, 7, 8, 9], "lane_weights": [10, 10, 10, 10, 10, 10, 10, 10, 10, 10], "cost": 1.0}, {"a_end": 8, "z_end": 33, "lanes": [0, 1, 2, 3, 4, 5, 6, 7, 8, 9], "lane_weights": [10, 10, 10, 10, 10, 10, 10, 10, 10, 10], "cost": 1.0}, {"a_end": 8, "z_end": 51, "lanes": [0, 1, 2, 3, 4, 5, 6, 7, 8, 9, 10, 11, 12, 13, 14, 15, 16, 17, 18, 19], "lane_weights": [10, 10, 10, 10, 10, 10, 10, 10, 10, 10, 10, 10, 10, 10, 10, 10, 10, 10, 10, 10], "cost": 2.0}, {"a_end": 8, "z_end": 44, "lanes": [0, 1, 2, 3, 4, 5, 6, 7, 8, 9, 10, 11, 12, 13, 14, 15, 16, 17, 18, 19], "lane_weights": [10, 10, 10, 10, 10, 10, 10, 10, 10, 10, 10, 10, 10, 10, 10, 10, 10, 10, 10, 10], "cost": 2.0}, {"a_end": 9, "z_end": 47, "lanes": [0, 1, 2, 3, 4, 5, 6, 7, 8, 9], "lane_weights": [10, 10, 10, 10, 10, 10, 10, 10, 10, 10], "cost": 1.0}, {"a_end": 9, "z_end": 42, "lanes": [0, 1, 2, 3, 4, 5, 6, 7, 8, 9, 10, 11, 12, 13, 14, 15, 16, 17, 18, 19], "lane_weights": [10, 10, 10, 10, 10, 10, 10, 10, 10, 10, 10, 10, 10, 10, 10, 10, 10, 10, 10, 10], "cost": 1.0}, {"a_end": 9, "z_end": 40, "lanes": [0, 1, 2, 3, 4, 5, 6, 7, 8, 9], "lane_weights": [10, 10, 10, 10, 10, 10, 10, 10, 10, 10], "cost": 1.0}, {"a_end": 9, "z_end": 36, "lanes": [0, 1, 2, 3, 4, 5, 6, 7, 8, 9], "lane_weights": [10, 10, 10, 10, 10, 10, 10, 10, 10, 10], "cost": 1.0}, {"a_end": 9, "z_end": 38, "lanes": [0, 1, 2, 3, 4, 5, 6, 7, 8, 9], "lane_weights": [10, 10, 10, 10, 10, 10, 10, 10, 10, 10], "cost": 1.0}, {"a_end": 10, "z_end": 25, "lanes": [0, 1, 2, 3, 4, 5, 6, 7, 8, 9], "lane_weights": [10, 10, 10, 10, 10, 10, 10, 10, 10, 10], "cost": 1.0}, {"a_end": 10, "z_end": 17, "lanes": [0, 1, 2, 3, 4, 5, 6, 7, 8, 9, 10, 11, 12, 13, 14, 15, 16, 17, 18, 19], "lane_weights": [10, 10, 10, 10, 10, 10, 10, 10, 10, 10, 10, 10, 10, 10, 10, 10, 10, 10, 10, 10], "cost": 1.0}, {"a_end": 10, "z_end": 59, "lanes": [0, 1, 2, 3, 4, 5, 6, 7, 8, 9], "lane_weights": [10, 10, 10, 10, 10, 10, 10, 10, 10, 10], "cost": 1.0}, {"a_end": 10, "z_end": 46, "lanes": [0, 1, 2, 3, 4, 5, 6, 7, 8, 9, 10, 11, 12, 13, 14, 15, 16, 17, 18, 19], "lane_weights": [10, 10, 10, 10, 10, 10, 10, 10, 10, 10, 10, 10, 10, 10, 10, 10, 10, 10, 10, 10], "cost": 2.0}, {"a_end": 10, "z_end": 49, "lanes": [0, 1, 2, 3, 4, 5, 6, 7, 8, 9, 10, 11, 12, 13, 14, 15, 16, 17, 18, 19, 20, 21, 22, 23, 24, 25, 26, 27, 28, 29], "lane_weights": [10, 10, 10, 10, 10, 10, 10, 10, 10, 10, 10, 10, 10, 10, 10, 10, 10, 10, 10, 10, 10, 10, 10, 10, 10, 10, 10, 10, 10, 10], "cost": 3.0}, {"a_end": 10, "z_end": 48, "lanes": [0, 1, 2, 3, 4, 5, 6, 7, 8, 9, 10, 11, 12, 13, 14, 15, 16, 17, 18, 19], "lane_weights": [10, 10, 10, 10, 10, 10, 10, 10, 10, 10, 10, 10, 10, 10, 10, 10, 10, 10, 10, 10], "cost": 2.0}, {"a_end": 10, "z_end": 22, "lanes": [0, 1, 2, 3, 4, 5, 6, 7, 8, 9], "lane_weights": [10, 10, 10, 10, 10, 10, 10, 10, 10, 10], "cost": 1.0}, {"a_end": 10, "z_end": 41, "lanes": [0, 1, 2, 3, 4, 5, 6, 7, 8, 9, 10, 11, 12, 13, 14, 15, 16, 17, 18, 19], "lane_weights": [10, 10, 10, 10, 10, 10, 10, 10, 10, 10, 10, 10, 10, 10, 10, 10, 10, 10, 10, 10], "cost": 2.0}, {"a_end": 11, "z_end": 14, "lanes": [0, 1, 2, 3, 4, 5, 6, 7, 8, 9, 10, 11, 12, 13, 14, 15, 16, 17, 18, 19], "lane_weights": [10, 10, 10, 10, 10, 10, 10, 10, 10, 10, 10, 10, 10, 10, 10, 10, 10, 10, 10, 10], "cost": 2.0}, {"a_end": 11, "z_end": 61, "lanes": [0, 1, 2, 3, 4, 5, 6, 7, 8, 9], "lane_weights": [10, 10, 10, 10, 10, 10, 10, 10, 10, 10], "cost": 1.0}, {"a_end": 11, "z_end": 45, "lanes": [0, 1, 2, 3, 4, 5, 6, 7, 8, 9, 10, 11, 12, 13, 14, 15, 16, 17, 18, 19], "lane_weights": [10, 10, 10, 10, 10, 10, 10, 10, 10, 10, 10, 10, 10, 10, 10, 10, 10, 10, 10, 10], "cost": 1.0}, {"a_end": 11, "z_end": 39, "lanes": [0, 1, 2, 3, 4, 5, 6, 7, 8, 9, 10, 11, 12, 13, 14, 15, 16, 17, 18, 19], "lane_weights": [10, 10, 10, 10, 10, 10, 10, 10, 10, 10, 10, 10, 10, 10, 10, 10, 10, 10, 10, 10], "cost": 2.0}, {"a_end": 11, "z_end": 44, "lanes": [0, 1, 2, 3, 4, 5, 6, 7, 8, 9, 10, 11, 12, 13, 14, 15, 16, 17, 18, 19, 20, 21, 22, 23, 24, 25, 26, 27, 28, 29, 30, 31, 32, 33, 34, 35, 36, 37, 38, 39], "lane_weights": [10, 10, 10, 10, 10, 10, 10, 10, 10, 10, 10, 10, 10, 10, 10, 10, 10, 10, 10, 10, 10, 10, 10, 10, 10, 10, 10, 10, 10, 10, 10, 10, 10, 10, 10, 10, 10, 10, 10, 10], "cost": 3.0}, {"a_end": 11, "z_end": 15, "lanes": [0, 1, 2, 3, 4, 5, 6, 7, 8, 9, 10, 11, 12, 13, 14, 15, 16, 17, 18, 19, 20, 21, 22, 23, 24, 25, 26, 27, 28, 29, 30, 31, 32, 33, 34, 35, 36, 37, 38, 39], "lane_weights": [10, 10, 10, 10, 10, 10, 10, 10, 10, 10, 10, 10, 10, 10, 10, 10, 10, 10, 10, 10, 10, 10, 10, 10, 10, 10, 10, 10, 10, 10, 10, 10, 10, 10, 10, 10, 10, 10, 10, 10], "cost": 3.0}, {"a_end": 11, "z_end": 40, "lanes": [0, 1, 2, 3, 4, 5, 6, 7, 8, 9, 10, 11, 12, 13, 14, 15, 16, 17, 18, 19], "lane_weights": [10, 10, 10, 10, 10, 10, 10, 10, 10, 10, 10, 10, 10, 10, 10, 10, 10, 10, 10, 10], "cost": 2.0}, {"a_end": 12, "z_end": 33, "lanes": [0, 1, 2, 3, 4, 5, 6, 7, 8, 9, 10, 11, 12, 13, 14, 15, 16, 17, 18, 19], "lane_weights": [10, 10, 10, 10, 10, 10, 10, 10, 10, 10, 10, 10, 10, 10, 10, 10, 10, 10, 10, 10], "cost": 2.0}, {"a_end": 12, "z_end": 28, "lanes": [0, 1, 2, 3, 4, 5, 6, 7, 8, 9, 10, 11, 12, 13, 14, 15, 16, 17, 18, 19, 20, 21, 22, 23, 24, 25, 26, 27, 28, 29, 30, 31, 32, 33, 34, 35, 36, 37, 38, 39], "lane_weights": [10, 10, 10, 10, 10, 10, 10, 10, 10, 10, 10, 10, 10, 10, 10, 10, 10, 10, 10, 10, 10, 10, 10, 10, 10, 10, 10, 10, 10, 10, 10, 10, 10, 10, 10, 10, 10, 10, 10, 10], "cost": 3.0}, {"a_end": 12, "z_end": 58, "lanes": [0, 1, 2, 3, 4, 5, 6, 7, 8, 9], "lane_weights": [10, 10, 10, 10, 10, 10, 10, 10, 10, 10], "cost": 1.0}, {"a_end": 12, "z_end": 64, "lanes": [0, 1, 2, 3, 4, 5, 6, 7, 8, 9, 10, 11, 12, 13, 14, 15, 16, 17, 18, 19], "lane_weights": [10, 10, 10, 10, 10, 10, 10, 10, 10, 10, 10, 10, 10, 10, 10, 10, 10, 10, 10, 10], "cost": 2.0}, {"a_end": 12, "z_end": 21, "lanes": [0, 1, 2, 3, 4, 5, 6, 7, 8, 9], "lane_weights": [10, 10, 10, 10, 10, 10, 10, 10, 10, 10], "cost": 1.0}, {"a_end": 12, "z_end": 44, "lanes": [0, 1, 2, 3, 4, 5, 6, 7, 8, 9, 10, 11, 12, 13, 14, 15, 16, 17, 18, 19, 20, 21, 22, 23, 24, 25, 26, 27, 28, 29], "lane_weights": [10, 10, 10, 10, 10, 10, 10, 10, 10, 10, 10, 10, 10, 10, 10, 10, 10, 10, 10, 10, 10, 10, 10, 10, 10, 10, 10, 10, 10, 10], "cost": 2.0}, {"a_end": 13, "z_end": 34, "lanes": [0, 1, 2, 3, 4, 5, 6, 7, 8, 9, 10, 11, 12, 13, 14, 15, 16, 17, 18, 19], "lane_weights": [10, 10, 10, 10, 10, 10, 10, 10, 10, 10, 10, 10, 10, 10, 10, 10, 10, 10, 10, 10], "cost": 2.0}, {"a_end": 13, "z_end": 22, "lanes": [0, 1, 2, 3, 4, 5, 6, 7, 8, 9], "lane_weights": [10, 10, 10, 10, 10, 10, 10, 10, 10, 10], "cost": 1.0}, {"a_end": 13, "z_end": 16, "lanes": [0, 1, 2, 3, 4, 5, 6, 7, 8, 9], "lane_weights": [10, 10, 10, 10, 10, 10, 10, 10, 10, 10], "cost": 1.0}, {"a_end": 13, "z_end": 53, "lanes": [0, 1, 2, 3, 4, 5, 6, 7, 8, 9, 10, 11, 12, 13, 14, 15, 16, 17, 18, 19], "lane_weights": [10, 10, 10, 10, 10, 10, 10, 10, 10, 10, 10, 10, 10, 10, 10, 10, 10, 10, 10, 10], "cost": 2.0}, {"a_end": 13, "z_end": 23, "lanes": [0, 1, 2, 3, 4, 5, 6, 7, 8, 9, 10, 11, 12, 13, 14, 15, 16, 17, 18, 19, 20, 21, 22, 23, 24, 25, 26, 27, 28, 29], "lane_weights": [10, 10, 10, 10, 10, 10, 10, 10, 10, 10, 10, 10, 10, 10, 10, 10, 10, 10, 10, 10, 10, 10, 10, 10, 10, 10, 10, 10, 10, 10], "cost": 2.0}, {"a_end": 13, "z_end": 59, "lanes": [0, 1, 2, 3, 4, 5, 6, 7, 8, 9], "lane_weights": [10, 10, 10, 10, 10, 10, 10, 10, 10, 10], "cost": 1.0}, {"a_end": 14, "z_end": 28, "lanes": [0, 1, 2, 3, 4, 5, 6, 7, 8, 9], "lane_weights": [10, 10, 10, 10, 10, 10, 10, 10, 10, 10], "cost": 1.0}, {"a_end": 14, "z_end": 29, "lanes": [0, 1, 2, 3, 4, 5, 6, 7, 8, 9, 10, 11, 12, 13, 14, 15, 16, 17, 18, 19], "lane_weights": [10, 10, 10, 10, 10, 10, 10, 10, 10, 10, 10, 10, 10, 10, 10, 10, 10, 10, 10, 10], "cost": 2.0}, {"a_end": 14, "z_end": 15, "lanes": [0, 1, 2, 3, 4, 5, 6, 7, 8, 9], "lane_weights": [10, 10, 10, 10, 10, 10, 10, 10, 10, 10], "cost": 1.0}, {"a_end": 14, "z_end": 44, "lanes": [0, 1, 2, 3, 4, 5, 6, 7, 8, 9, 10, 11, 12, 13, 14, 15, 16, 17, 18, 19, 20, 21, 22, 23, 24, 25, 26, 27, 28, 29], "lane_weights": [10, 10, 10, 10, 10, 10, 10, 10, 10, 10, 10, 10, 10, 10, 10, 10, 10, 10, 10, 10, 10, 10, 10, 10, 10, 10, 10, 10, 10, 10], "cost": 3.0}, {"a_end": 14, "z_end": 61, "lanes": [0, 1, 2, 3, 4, 5, 6, 7, 8, 9, 10, 11, 12, 13, 14, 15, 16, 17, 18, 19, 20, 21, 22, 23, 24, 25, 26, 27, 28, 29], "lane_weights": [10, 10, 10, 10, 10, 10, 10, 10, 10, 10, 10, 10, 10, 10, 10, 10, 10, 10, 10, 10, 10, 10, 10, 10, 10, 10, 10, 10, 10, 10], "cost": 2.0}, {"a_end": 14, "z_end": 24, "lanes": [0, 1, 2, 3, 4, 5, 6, 7, 8, 9, 10, 11, 12, 13, 14, 15, 16, 17, 18, 19, 20, 21, 22, 23, 24, 25, 26, 27, 28, 29, 30, 31, 32, 33, 34, 35, 36, 37, 38, 39], "lane_weights": [10, 10, 10, 10, 10, 10, 10, 10, 10, 10, 10, 10, 10, 10, 10, 10, 10, 10, 10, 10, 10, 10, 10, 10, 10, 10, 10, 10, 10, 10, 10, 10, 10, 10, 10, 10, 10, 10, 10, 10], "cost": 3.0}, {"a_end": 14, "z_end": 54, "lanes": [0, 1, 2, 3, 4, 5, 6, 7, 8, 9, 10, 11, 12, 13, 14, 15, 16, 17, 18, 19], "lane_weights": [10, 10, 10, 10, 10, 10, 10, 10, 10, 10, 10, 10, 10, 10, 10, 10, 10, 10, 10, 10], "cost": 2.0}, {"a_end": 15, "z_end": 55, "lanes": [0, 1, 2, 3, 4, 5, 6, 7, 8, 9, 10, 11, 12, 13, 14, 15, 16, 17, 18, 19], "lane_weights": [10, 10, 10, 10, 10, 10, 10, 10, 10, 10, 10, 10, 10, 10, 10, 10, 10, 10, 10, 10], "cost": 2.0}, {"a_end": 15, "z_end": 63, "lanes": [0, 1, 2, 3, 4, 5, 6, 7, 8, 9], "lane_weights": [10, 10, 10, 10, 10, 10, 10, 10, 10, 10], "cost": 1.0}, {"a_end": 15, "z_end": 34, "lanes": [0, 1, 2, 3, 4, 5, 6, 7, 8, 9, 10, 11, 12, 13, 14, 15, 16, 17, 18, 19], "lane_weights": [10, 10, 10, 10, 10, 10, 10, 10, 10, 10, 10, 10, 10, 10, 10, 10, 10, 10, 10, 10], "cost": 2.0}, {"a_end": 15, "z_end": 47, "lanes": [0, 1, 2, 3, 4, 5, 6, 7, 8, 9, 10, 11, 12, 13, 14, 15, 16, 17, 18, 19], "lane_weights": [10, 10, 10, 10, 10, 10, 10, 10, 10, 10, 10, 10, 10, 10, 10, 10, 10, 10, 10, 10], "cost": 1.0}, {"a_end": 15, "z_end": 32, "lanes": [0, 1, 2, 3, 4, 5, 6, 7, 8, 9, 10, 11, 12, 13, 14, 15, 16, 17, 18, 19], "lane_weights": [10, 10, 10, 10, 10, 10, 10, 10, 10, 10, 10, 10, 10, 10, 10, 10, 10, 10, 10, 10], "cost": 1.0}, {"a_end": 15, "z_end": 29, "lanes": [0, 1, 2, 3, 4, 5, 6, 7, 8, 9], "lane_weights": [10, 10, 10, 10, 10, 10, 10, 10, 10, 10], "cost": 1.0}, {"a_end": 16, "z_end": 33, "lanes": [0, 1, 2, 3, 4, 5, 6, 7, 8, 9, 10, 11, 12, 13, 14, 15, 16, 17, 18, 19, 20, 21, 22, 23, 24, 25, 26, 27, 28, 29], "lane_weights": [10, 10, 10, 10, 10, 10, 10, 10, 10, 10, 10, 10, 10, 10, 10, 10, 10, 10, 10, 10, 10, 10, 10, 10, 10, 10, 10, 10, 10, 10], "cost": 2.0}, {"a_end": 16, "z_end": 52, "lanes": [0, 1, 2, 3, 4, 5, 6, 7, 8, 9], "lane_weights": [10, 10, 10, 10, 10, 10, 10, 10, 10, 10], "cost": 1.0}, {"a_end": 16, "z_end": 47, "lanes": [0, 1, 2, 3, 4, 5, 6, 7, 8, 9, 10, 11, 12, 13, 14, 15, 16, 17, 18, 19], "lane_weights": [10, 10, 10, 10, 10, 10, 10, 10, 10, 10, 10, 10, 10, 10, 10, 10, 10, 10, 10, 10], "cost": 1.0}, {"a_end": 16, "z_end": 64, "lanes": [0, 1, 2, 3, 4, 5, 6, 7, 8, 9, 10, 11, 12, 13, 14, 15, 16, 17, 18, 19, 20, 21, 22, 23, 24, 25, 26, 27, 28, 29, 30, 31, 32, 33, 34, 35, 36, 37, 38, 39], "lane_weights": [10, 10, 10, 10, 10, 10, 10, 10, 10, 10, 10, 10, 10, 10, 10, 10, 10, 10, 10, 10, 10, 10, 10, 10, 10, 10, 10, 10, 10, 10, 10, 10, 10, 10, 10, 10, 10, 10, 10, 10], "cost": 3.0}, {"a_end": 16, "z_end": 23, "lanes": [0, 1, 2, 3, 4, 5, 6, 7, 8, 9, 10, 11, 12, 13, 14, 15, 16, 17, 18, 19], "lane_weights": [10, 10, 10, 10, 10, 10, 10, 10, 10, 10, 10, 10, 10, 10, 10, 10, 10, 10, 10, 10], "cost": 2.0}, {"a_end": 16, "z_end": 56, "lanes": [0, 1, 2, 3, 4, 5, 6, 7, 8, 9, 10, 11, 12, 13, 14, 15, 16, 17, 18, 19, 20, 21, 22, 23, 24, 25, 26, 27, 28, 29], "lane_weights": [10, 10, 10, 10, 10, 10, 10, 10, 10, 10, 10, 10, 10, 10, 10, 10, 10, 10, 10, 10, 10, 10, 10, 10, 10, 10, 10, 10, 10, 10], "cost": 3.0}, {"a_end": 17, "z_end": 20, "lanes": [0, 1, 2, 3, 4, 5, 6, 7, 8, 9], "lane_weights": [10, 10, 10, 10, 10, 10, 10, 10, 10, 10], "cost": 1.0}, {"a_end": 17, "z_end": 23, "lanes": [0, 1, 2, 3, 4, 5, 6, 7, 8, 9, 10, 11, 12, 13, 14, 15, 16, 17, 18, 19], "lane_weights": [10, 10, 10, 10, 10, 10, 10, 10, 10, 10, 10, 10, 10, 10, 10, 10, 10, 10, 10, 10], "cost": 1.0}, {"a_end": 17, "z_end": 18, "lanes": [0, 1, 2, 3, 4, 5, 6, 7, 8, 9, 10, 11, 12, 13, 14, 15, 16, 17, 18, 19], "lane_weights": [10, 10, 10, 10, 10, 10, 10, 10, 10, 10, 10, 10, 10, 10, 10, 10, 10, 10, 10, 10], "cost": 1.0}, {"a_end": 17, "z_end": 45, "lanes": [0, 1, 2, 3, 4, 5, 6, 7, 8, 9], "lane_weights": [10, 10, 10, 10, 10, 10, 10, 10, 10, 10], "cost": 1.0}, {"a_end": 17, "z_end": 51, "lanes": [0, 1, 2, 3, 4, 5, 6, 7, 8, 9, 10, 11, 12, 13, 14, 15, 16, 17, 18, 19], "lane_weights": [10, 10, 10, 10, 10, 10, 10, 10, 10, 10, 10, 10, 10, 10, 10, 10, 10, 10, 10, 10], "cost": 1.0}, {"a_end": 17, "z_end": 56, "lanes": [0, 1, 2, 3, 4, 5, 6, 7, 8, 9, 10, 11, 12, 13, 14, 15, 16, 17, 18, 19], "lane_weights": [10, 10, 10, 10, 10, 10, 10, 10, 10, 10, 10, 10, 10, 10, 10, 10, 10, 10, 10, 10], "cost": 1.0}, {"a_end": 17, "z_end": 37, "lanes": [0, 1, 2, 3, 4, 5, 6, 7, 8, 9, 10, 11, 12, 13, 14, 15, 16, 17, 18, 19, 20, 21, 22, 23, 24, 25, 26, 27, 28, 29], "lane_weights": [10, 10, 10, 10, 10, 10, 10, 10, 10, 10, 10, 10, 10, 10, 10, 10, 10, 10, 10, 10, 10, 10, 10, 10, 10, 10, 10, 10, 10, 10], "cost": 2.0}, {"a_end": 17, "z_end": 38, "lanes": [0, 1, 2, 3, 4, 5, 6, 7, 8, 9, 10, 11, 12, 13, 14, 15, 16, 17, 18, 19, 20, 21, 22, 23, 24, 25, 26, 27, 28, 29, 30, 31, 32, 33, 34, 35, 36, 37, 38, 39], "lane_weights": [10, 10, 10, 10, 10, 10, 10, 10, 10, 10, 10, 10, 10, 10, 10, 10, 10, 10, 10, 10, 10, 10, 10, 10, 10, 10, 10, 10, 10, 10, 10, 10, 10, 10, 10, 10, 10, 10, 10, 10], "cost": 3.0}, {"a_end": 18, "z_end": 51, "lanes": [0, 1, 2, 3, 4, 5, 6, 7, 8, 9], "lane_weights": [10, 10, 10, 10, 10, 10, 10, 10, 10, 10], "cost": 1.0}, {"a_end": 18, "z_end": 42, "lanes": [0, 1, 2, 3, 4, 5, 6, 7, 8, 9, 10, 11, 12, 13, 14, 15, 16, 17, 18, 19], "lane_weights": [10, 10, 10, 10, 10, 10, 10, 10, 10, 10, 10, 10, 10, 10, 10, 10, 10, 10, 10, 10], "cost": 2.0}, {"a_end": 18, "z_end": 36, "lanes": [0, 1, 2, 3, 4, 5, 6, 7, 8, 9, 10, 11, 12, 13, 14, 15, 16, 17, 18, 19], "lane_weights": [10, 10, 10, 10, 10, 10, 10, 10, 10, 10, 10, 10, 10, 10, 10, 10, 10, 10, 10, 10], "cost": 2.0}, {"a_end": 18, "z_end": 40, "lanes": [0, 1, 2, 3, 4, 5, 6, 7, 8, 9, 10, 11, 12, 13, 14, 15, 16, 17, 18, 19], "lane_weights": [10, 10, 10, 10, 10, 10, 10, 10, 10, 10, 10, 10, 10, 10, 10, 10, 10, 10, 10, 10], "cost": 1.0}, {"a_end": 18, "z_end": 53, "lanes": [0, 1, 2, 3, 4, 5, 6, 7, 8, 9], "lane_weights": [10, 10, 10, 10, 10, 10, 10, 10, 10, 10], "cost": 1.0}, {"a_end": 18, "z_end": 31, "lanes": [0, 1, 2, 3, 4, 5, 6, 7, 8, 9, 10, 11, 12, 13, 14, 15, 16, 17, 18, 19], "lane_weights": [10, 10, 10, 10, 10, 10, 10, 10, 10, 10, 10, 10, 10, 10, 10, 10, 10, 10, 10, 10], "cost": 1.0}, {"a_end": 18, "z_end": 21, "lanes": [0, 1, 2, 3, 4, 5, 6, 7, 8, 9], "lane_weights": [10, 10, 10, 10, 10, 10, 10, 10, 10, 10], "cost": 1.0}, {"a_end": 18, "z_end": 64, "lanes": [0, 1, 2, 3, 4, 5, 6, 7, 8, 9, 10, 11, 12, 13, 14, 15, 16, 17, 18, 19], "lane_weights": [10, 10, 10, 10, 10, 10, 10, 10, 10, 10, 10, 10, 10, 10, 10, 10, 10, 10, 10, 10], "cost": 1.0}, {"a_end": 19, "z_end": 43, "lanes": [0, 1, 2, 3, 4, 5, 6, 7, 8, 9, 10, 11, 12, 13, 14, 15, 16, 17, 18, 19], "lane_weights": [10, 10, 10, 10, 10, 10, 10, 10, 10, 10, 10, 10, 10, 10, 10, 10, 10, 10, 10, 10], "cost": 2.0}, {"a_end": 19, "z_end": 41, "lanes": [0, 1, 2, 3, 4, 5, 6, 7, 8, 9, 10, 11, 12, 13, 14, 15, 16, 17, 18, 19], "lane_weights": [10, 10, 10, 10, 10, 10, 10, 10, 10, 10, 10, 10, 10, 10, 10, 10, 10, 10, 10, 10], "cost": 1.0}, {"a_end": 19, "z_end": 57, "lanes": [0, 1, 2, 3, 4, 5, 6, 7, 8, 9], "lane_weights": [10, 10, 10, 10, 10, 10, 10, 10, 10, 10], "cost": 1.0}, {"a_end": 19, "z_end": 44, "lanes": [0, 1, 2, 3, 4, 5, 6, 7, 8, 9], "lane_weights": [10, 10, 10, 10, 10, 10, 10, 10, 10, 10], "cost": 1.0}, {"a_end": 20, "z_end": 44, "lanes": [0, 1, 2, 3, 4, 5, 6, 7, 8, 9, 10, 11, 12, 13, 14, 15, 16, 17, 18, 19, 20, 21, 22, 23, 24, 25, 26, 27, 28, 29, 30, 31, 32, 33, 34, 35, 36, 37, 38, 39], "lane_weights": [10, 10, 10, 10, 10, 10, 10, 10, 10, 10, 10, 10, 10, 10, 10, 10, 10, 10, 10, 10, 10, 10, 10, 10, 10, 10, 10, 10, 10, 10, 10, 10, 10, 10, 10, 10, 10, 10, 10, 10], "cost": 3.0}, {"a_end": 20, "z_end": 23, "lanes": [0, 1, 2, 3, 4, 5, 6, 7, 8, 9, 10, 11, 12, 13, 14, 15, 16, 17, 18, 19], "lane_weights": [10, 10, 10, 10, 10, 10, 10, 10, 10, 10, 10, 10, 10, 10, 10, 10, 10, 10, 10, 10], "cost": 1.0}, {"a_end": 20, "z_end": 53, "lanes": [0, 1, 2, 3, 4, 5, 6, 7, 8, 9, 10, 11, 12, 13, 14, 15, 16, 17, 18, 19, 20, 21, 22, 23, 24, 25, 26, 27, 28, 29, 30, 31, 32, 33, 34, 35, 36, 37, 38, 39], "lane_weights": [10, 10, 10, 10, 10, 10, 10, 10, 10, 10, 10, 10, 10, 10, 10, 10, 10, 10, 10, 10, 10, 10, 10, 10, 10, 10, 10, 10, 10, 10, 10, 10, 10, 10, 10, 10, 10, 10, 10, 10], "cost": 3.0}, {"a_end": 21, "z_end": 30, "lanes": [0, 1, 2, 3, 4, 5, 6, 7, 8, 9], "lane_weights": [10, 10, 10, 10, 10, 10, 10, 10, 10, 10], "cost": 1.0}, {"a_end": 21, "z_end": 57, "lanes": [0, 1, 2, 3, 4, 5, 6, 7, 8, 9, 10, 11, 12, 13, 14, 15, 16, 17, 18, 19], "lane_weights": [10, 10, 10, 10, 10, 10, 10, 10, 10, 10, 10, 10, 10, 10, 10, 10, 10, 10, 10, 10], "cost": 2.0}, {"a_end": 21, "z_end": 36, "lanes": [0, 1, 2, 3, 4, 5, 6, 7, 8, 9, 10, 11, 12, 13, 14, 15, 16, 17, 18, 19], "lane_weights": [10, 10, 10, 10, 10, 10, 10, 10, 10, 10, 10, 10, 10, 10, 10, 10, 10, 10, 10, 10], "cost": 2.0}, {"a_end": 21, "z_end": 22, "lanes": [0, 1, 2, 3, 4, 5, 6, 7, 8, 9, 10, 11, 12, 13, 14, 15, 16, 17, 18, 19, 20, 21, 22, 23, 24, 25, 26, 27, 28, 29], "lane_weights": [10, 10, 10, 10, 10, 10, 10, 10, 10, 10, 10, 10, 10, 10, 10, 10, 10, 10, 10, 10, 10, 10, 10, 10, 10, 10, 10, 10, 10, 10], "cost": 2.0}, {"a_end": 21, "z_end": 58, "lanes": [0, 1, 2, 3, 4, 5, 6, 7, 8, 9, 10, 11, 12, 13, 14, 15, 16, 17, 18, 19], "lane_weights": [10, 10, 10, 10, 10, 10, 10, 10, 10, 10, 10, 10, 10, 10, 10, 10, 10, 10, 10, 10], "cost": 2.0}, {"a_end": 21, "z_end": 45, "lanes": [0, 1, 2, 3, 4, 5, 6, 7, 8, 9, 10, 11, 12, 13, 14, 15, 16, 17, 18, 19, 20, 21, 22, 23, 24, 25, 26, 27, 28, 29], "lane_weights": [10, 10, 10, 10, 10, 10, 10, 10, 10, 10, 10, 10, 10, 10, 10, 10, 10, 10, 10, 10, 10, 10, 10, 10, 10, 10, 10, 10, 10, 10], "cost": 3.0}, {"a_end": 21, "z_end": 29, "lanes": [0, 1, 2, 3, 4, 5, 6, 7, 8, 9, 10, 11, 12, 13, 14, 15, 16, 17, 18, 19], "lane_weights": [10, 10, 10, 10, 10, 10, 10, 10, 10, 10, 10, 10, 10, 10, 10, 10, 10, 10, 10, 10], "cost": 2.0}, {"a_end": 22, "z_end": 47, "lanes": [0, 1, 2, 3, 4, 5, 6, 7, 8, 9], "lane_weights": [10, 10, 10, 10, 10, 10, 10, 10, 10, 10], "cost": 1.0}, {"a_end": 22, "z_end": 35, "lanes": [0, 1, 2, 3, 4, 5, 6, 7, 8, 9, 10, 11, 12, 13, 14, 15, 16, 17, 18, 19], "lane_weights": [10, 10, 10, 10, 10, 10, 10, 10, 10, 10, 10, 10, 10, 10, 10, 10, 10, 10, 10, 10], "cost": 2.0}, {"a_end": 22, "z_end": 24, "lanes": [0, 1, 2, 3, 4, 5, 6, 7, 8, 9, 10, 11, 12, 13, 14, 15, 16, 17, 18, 19], "lane_weights": [10, 10, 10, 10, 10, 10, 10, 10, 10, 10, 10, 10, 10, 10, 10, 10, 10, 10, 10, 10], "cost": 2.0}, {"a_end": 22, "z_end": 40, "lanes": [0, 1, 2, 3, 4, 5, 6, 7, 8, 9], "lane_weights": [10, 10, 10, 10, 10, 10, 10, 10, 10, 10], "cost": 1.0}, {"a_end": 22, "z_end": 33, "lanes": [0, 1, 2, 3, 4, 5, 6, 7, 8, 9, 10, 11, 12, 13, 14, 15, 16, 17, 18, 19, 20, 21, 22, 23, 24, 25, 26, 27, 28, 29], "lane_weights": [10, 10, 10, 10, 10, 10, 10, 10, 10, 10, 10, 10, 10, 10, 10, 10, 10, 10, 10, 10, 10, 10, 10, 10, 10, 10, 10, 10, 10, 10], "cost": 2.0}, {"a_end": 22, "z_end": 31, "lanes": [0, 1, 2, 3, 4, 5, 6, 7, 8, 9, 10, 11, 12, 13, 14, 15, 16, 17, 18, 19, 20, 21, 22, 23, 24, 25, 26, 27, 28, 29], "lane_weights": [10, 10, 10, 10, 10, 10, 10, 10, 10, 10, 10, 10, 10, 10, 10, 10, 10, 10, 10, 10, 10, 10, 10, 10, 10, 10, 10, 10, 10, 10], "cost": 2.0}, {"a_end": 22, "z_end": 29, "lanes": [0, 1, 2, 3, 4, 5, 6, 7, 8, 9], "lane_weights": [10, 10, 10, 10, 10, 10, 10, 10, 10, 10], "cost": 1.0}, {"a_end": 23, "z_end": 60, "lanes": [0, 1, 2, 3, 4, 5, 6, 7, 8, 9], "lane_weights": [10, 10, 10, 10, 10, 10, 10, 10, 10, 10], "cost": 1.0}, {"a_end": 23, "z_end": 47, "lanes": [0, 1, 2, 3, 4, 5, 6, 7, 8, 9], "lane_weights": [10, 10, 10, 10, 10, 10, 10, 10, 10, 10], "cost": 1.0}, {"a_end": 23, "z_end": 32, "lanes": [0, 1, 2, 3, 4, 5, 6, 7, 8, 9, 10, 11, 12, 13, 14, 15, 16, 17, 18, 19], "lane_weights": [10, 10, 10, 10, 10, 10, 10, 10, 10, 10, 10, 10, 10, 10, 10, 10, 10, 10, 10, 10], "cost": 2.0}, {"a_end": 24, "z_end": 29, "lanes": [0, 1, 2, 3, 4, 5, 6, 7, 8, 9, 10, 11, 12, 13, 14, 15, 16, 17, 18, 19], "lane_weights": [10, 10, 10, 10, 10, 10, 10, 10, 10, 10, 10, 10, 10, 10, 10, 10, 10, 10, 10, 10], "cost": 1.0}, {"a_end": 24, "z_end": 32, "lanes": [0, 1, 2, 3, 4, 5, 6, 7, 8, 9], "lane_weights": [10, 10, 10, 10, 10, 10, 10, 10, 10, 10], "cost": 1.0}, {"a_end": 24, "z_end": 59, "lanes": [0, 1, 2, 3, 4, 5, 6, 7, 8, 9, 10, 11, 12, 13, 14, 15, 16, 17, 18, 19], "lane_weights": [10, 10, 10, 10, 10, 10, 10, 10, 10, 10, 10, 10, 10, 10, 10, 10, 10, 10, 10, 10], "cost": 1.0}, {"a_end": 24, "z_end": 61, "lanes": [0, 1, 2, 3, 4, 5, 6, 7, 8, 9, 10, 11, 12, 13, 14, 15, 16, 17, 18, 19], "lane_weights": [10, 10, 10, 10, 10, 10, 10, 10, 10, 10, 10, 10, 10, 10, 10, 10, 10, 10, 10, 10], "cost": 2.0}, {"a_end": 25, "z_end": 37, "lanes": [0, 1, 2, 3, 4, 5, 6, 7, 8, 9, 10, 11, 12, 13, 14, 15, 16, 17, 18, 19], "lane_weights": [10, 10, 10, 10, 10, 10, 10, 10, 10, 10, 10, 10, 10, 10, 10, 10, 10, 10, 10, 10], "cost": 2.0}, {"a_end": 25, "z_end": 62, "lanes": [0, 1, 2, 3, 4, 5, 6, 7, 8, 9, 10, 11, 12, 13, 14, 15, 16, 17, 18, 19], "lane_weights": [10, 10, 10, 10, 10, 10, 10, 10, 10, 10, 10, 10, 10, 10, 10, 10, 10, 10, 10, 10], "cost": 1.0}, {"a_end": 25, "z_end": 46, "lanes": [0, 1, 2, 3, 4, 5, 6, 7, 8, 9, 10, 11, 12, 13, 14, 15, 16, 17, 18, 19, 20, 21, 22, 23, 24, 25, 26, 27, 28, 29], "lane_weights": [10, 10, 10, 10, 10, 10, 10, 10, 10, 10, 10, 10, 10, 10, 10, 10, 10, 10, 10, 10, 10, 10, 10, 10, 10, 10, 10, 10, 10, 10], "cost": 2.0}, {"a_end": 25, "z_end": 34, "lanes": [0, 1, 2, 3, 4, 5, 6, 7, 8, 9, 10, 11, 12, 13, 14, 15, 16, 17, 18, 19], "lane_weights": [10, 10, 10, 10, 10, 10, 10, 10, 10, 10, 10, 10, 10, 10, 10, 10, 10, 10, 10, 10], "cost": 2.0}, {"a_end": 25, "z_end": 33, "lanes": [0, 1, 2, 3, 4, 5, 6, 7, 8, 9], "lane_weights": [10, 10, 10, 10, 10, 10, 10, 10, 10, 10], "cost": 1.0}, {"a_end": 25, "z_end": 31, "lanes": [0, 1, 2, 3, 4, 5, 6, 7, 8, 9], "lane_weights": [10, 10, 10, 10, 10, 10, 10, 10, 10, 10], "cost": 1.0}, {"a_end": 26, "z_end": 38, "lanes": [0, 1, 2, 3, 4, 5, 6, 7, 8, 9, 10, 11, 12, 13, 14, 15, 16, 17, 18, 19, 20, 21, 22, 23, 24, 25, 26, 27, 28, 29, 30, 31, 32, 33, 34, 35, 36, 37, 38, 39], "lane_weights": [10, 10, 10, 10, 10, 10, 10, 10, 10, 10, 10, 10, 10, 10, 10, 10, 10, 10, 10, 10, 10, 10, 10, 10, 10, 10, 10, 10, 10, 10, 10, 10, 10, 10, 10, 10, 10, 10, 10, 10], "cost": 3.0}, {"a_end": 26, "z_end": 52, "lanes": [0, 1, 2, 3, 4, 5, 6, 7, 8, 9], "lane_weights": [10, 10, 10, 10, 10, 10, 10, 10, 10, 10], "cost": 1.0}, {"a_end": 26, "z_end": 37, "lanes": [0, 1, 2, 3, 4, 5, 6, 7, 8, 9, 10, 11, 12, 13, 14, 15, 16, 17, 18, 19], "lane_weights": [10, 10, 10, 10, 10, 10, 10, 10, 10, 10, 10, 10, 10, 10, 10, 10, 10, 10, 10, 10], "cost": 1.0}, {"a_end": 26, "z_end": 57, "lanes": [0, 1, 2, 3, 4, 5, 6, 7, 8, 9], "lane_weights": [10, 10, 10, 10, 10, 10, 10, 10, 10, 10], "cost": 1.0}, {"a_end": 26, "z_end": 53, "lanes": [0, 1, 2, 3, 4, 5, 6, 7, 8, 9, 10, 11, 12, 13, 14, 15, 16, 17, 18, 19], "lane_weights": [10, 10, 10, 10, 10, 10, 10, 10, 10, 10, 10, 10, 10, 10, 10, 10, 10, 10, 10, 10], "cost": 2.0}, {"a_end": 26, "z_end": 50, "lanes": [0, 1, 2, 3, 4, 5, 6, 7, 8, 9, 10, 11, 12, 13, 14, 15, 16, 17, 18, 19, 20, 21, 22, 23, 24, 25, 26, 27, 28, 29], "lane_weights": [10, 10, 10, 10, 10, 10, 10, 10, 10, 10, 10, 10, 10, 10, 10, 10, 10, 10, 10, 10, 10, 10, 10, 10, 10, 10, 10, 10, 10, 10], "cost": 2.0}, {"a_end": 27, "z_end": 51, "lanes": [0, 1, 2, 3, 4, 5, 6, 7, 8, 9], "lane_weights": [10, 10, 10, 10, 10, 10, 10, 10, 10, 10], "cost": 1.0}, {"a_end": 27, "z_end": 48, "lanes": [0, 1, 2, 3, 4, 5, 6, 7, 8, 9], "lane_weights": [10, 10, 10, 10, 10, 10, 10, 10, 10, 10], "cost": 1.0}, {"a_end": 27, "z_end": 40, "lanes": [0, 1, 2, 3, 4, 5, 6, 7, 8, 9], "lane_weights": [10, 10, 10, 10, 10, 10, 10, 10, 10, 10], "cost": 1.0}, {"a_end": 27, "z_end": 39, "lanes": [0, 1, 2, 3, 4, 5, 6, 7, 8, 9], "lane_weights": [10, 10, 10, 10, 10, 10, 10, 10, 10, 10], "cost": 1.0}, {"a_end": 27, "z_end": 29, "lanes": [0, 1, 2, 3, 4, 5, 6, 7, 8, 9, 10, 11, 12, 13, 14, 15, 16, 17, 18, 19], "lane_weights": [10, 10, 10, 10, 10, 10, 10, 10, 10, 10, 10, 10, 10, 10, 10, 10, 10, 10, 10, 10], "cost": 2.0}, {"a_end": 27, "z_end": 41, "lanes": [0, 1, 2, 3, 4, 5, 6, 7, 8, 9, 10, 11, 12, 13, 14, 15, 16, 17, 18, 19], "lane_weights": [10, 10, 10, 10, 10, 10, 10, 10, 10, 10, 10, 10, 10, 10, 10, 10, 10, 10, 10, 10], "cost": 1.0}, {"a_end": 27, "z_end": 47, "lanes": [0, 1, 2, 3, 4, 5, 6, 7, 8, 9, 10, 11, 12, 13, 14, 15, 16, 17, 18, 19, 20, 21, 22, 23, 24, 25, 26, 27, 28, 29, 30, 31, 32, 33, 34, 35, 36, 37, 38, 39], "lane_weights": [10, 10, 10, 10, 10, 10, 10, 10, 10, 10, 10, 10, 10, 10, 10, 10, 10, 10, 10, 10, 10, 10, 10, 10, 10, 10, 10, 10, 10, 10, 10, 10, 10, 10, 10, 10, 10, 10, 10, 10], "cost": 3.0}, {"a_end": 28, "z_end": 60, "lanes": [0, 1, 2, 3, 4, 5, 6, 7, 8, 9, 10, 11, 12, 13, 14, 15, 16, 17, 18, 19], "lane_weights": [10, 10, 10, 10, 10, 10, 10, 10, 10, 10, 10, 10, 10, 10, 10, 10, 10, 10, 10, 10], "cost": 1.0}, {"a_end": 28, "z_end": 41, "lanes": [0, 1, 2, 3, 4, 5, 6, 7, 8, 9, 10, 11, 12, 13, 14, 15, 16, 17, 18, 19], "lane_weights": [10, 10, 10, 10, 10, 10, 10, 10, 10, 10, 10, 10, 10, 10, 10, 10, 10, 10, 10, 10], "cost": 2.0}, {"a_end": 28, "z_end": 51, "lanes": [0, 1, 2, 3, 4, 5, 6, 7, 8, 9], "lane_weights": [10, 10, 10, 10, 10, 10, 10, 10, 10, 10], "cost": 1.0}, {"a_end": 28, "z_end": 48, "lanes": [0, 1, 2, 3, 4, 5, 6, 7, 8, 9], "lane_weights": [10, 10, 10, 10, 10, 10, 10, 10, 10, 10], "cost": 1.0}, {"a_end": 28, "z_end": 64, "lanes": [0, 1, 2, 3, 4, 5, 6, 7, 8, 9], "lane_weights": [10, 10, 10, 10, 10, 10, 10, 10, 10, 10], "cost": 1.0}, {"a_end": 28, "z_end": 39, "lanes": [0, 1, 2, 3, 4, 5, 6, 7, 8, 9], "lane_weights": [10, 10, 10, 10, 10, 10, 10, 10, 10, 10], "cost": 1.0}, {"a_end": 29, "z_end": 42, "lanes": [0, 1, 2, 3, 4, 5, 6, 7, 8, 9, 10, 11, 12, 13, 14, 15, 16, 17, 18, 19, 20, 21, 22, 23, 24, 25, 26, 27, 28, 29], "lane_weights": [10, 10, 10, 10, 10, 10, 10, 10, 10, 10, 10, 10, 10, 10, 10, 10, 10, 10, 10, 10, 10, 10, 10, 10, 10, 10, 10, 10, 10, 10], "cost": 2.0}, {"a_end": 29, "z_end": 46, "lanes": [0, 1, 2, 3, 4, 5, 6, 7, 8, 9, 10, 11, 12, 13, 14, 15, 16, 17, 18, 19], "lane_weights": [10, 10, 10, 10, 10, 10, 10, 10, 10, 10, 10, 10, 10, 10, 10, 10, 10, 10, 10, 10], "cost": 1.0}, {"a_end": 30, "z_end": 40, "lanes": [0, 1, 2, 3, 4, 5, 6, 7, 8, 9], "lane_weights": [10, 10, 10, 10, 10, 10, 10, 10, 10, 10], "cost": 1.0}, {"a_end": 30, "z_end": 39, "lanes": [0, 1, 2, 3, 4, 5, 6, 7, 8, 9, 10, 11, 12, 13, 14, 15, 16, 17, 18, 19], "lane_weights": [10, 10, 10, 10, 10, 10, 10, 10, 10, 10, 10, 10, 10, 10, 10, 10, 10, 10, 10, 10], "cost": 2.0}, {"a_end": 30, "z_end": 63, "lanes": [0, 1, 2, 3, 4, 5, 6, 7, 8, 9], "lane_weights": [10, 10, 10, 10, 10, 10, 10, 10, 10, 10], "cost": 1.0}, {"a_end": 30, "z_end": 54, "lanes": [0, 1, 2, 3, 4, 5, 6, 7, 8, 9], "lane_weights": [10, 10, 10, 10, 10, 10, 10, 10, 10, 10], "cost": 1.0}, {"a_end": 30, "z_end": 31, "lanes": [0, 1, 2, 3, 4, 5, 6, 7, 8, 9, 10, 11, 12, 13, 14, 15, 16, 17, 18, 19], "lane_weights": [10, 10, 10, 10, 10, 10, 10, 10, 10, 10, 10, 10, 10, 10, 10, 10, 10, 10, 10, 10], "cost": 2.0}, {"a_end": 31, "z_end": 54, "lanes": [0, 1, 2, 3, 4, 5, 6, 7, 8, 9], "lane_weights": [10, 10, 10, 10, 10, 10, 10, 10, 10, 10], "cost": 1.0}, {"a_end": 31, "z_end": 52, "lanes": [0, 1, 2, 3, 4, 5, 6, 7, 8, 9, 10, 11, 12, 13, 14, 15, 16, 17, 18, 19, 20, 21, 22, 23, 24, 25, 26, 27, 28, 29], "lane_weights": [10, 10, 10, 10, 10, 10, 10, 10, 10, 10, 10, 10, 10, 10, 10, 10, 10, 10, 10, 10, 10, 10, 10, 10, 10, 10, 10, 10, 10, 10], "cost": 2.0}, {"a_end": 31, "z_end": 35, "lanes": [0, 1, 2, 3, 4, 5, 6, 7, 8, 9, 10, 11, 12, 13, 14, 15, 16, 17, 18, 19], "lane_weights": [10, 10, 10, 10, 10, 10, 10, 10, 10, 10, 10, 10, 10, 10, 10, 10, 10, 10, 10, 10], "cost": 1.0}, {"a_end": 32, "z_end": 55, "lanes": [0, 1, 2, 3, 4, 5, 6, 7, 8, 9], "lane_weights": [10, 10, 10, 10, 10, 10, 10, 10, 10, 10], "cost": 1.0}, {"a_end": 32, "z_end": 43, "lanes": [0, 1, 2, 3, 4, 5, 6, 7, 8, 9, 10, 11, 12, 13, 14, 15, 16, 17, 18, 19], "lane_weights": [10, 10, 10, 10, 10, 10, 10, 10, 10, 10, 10, 10, 10, 10, 10, 10, 10, 10, 10, 10], "cost": 2.0}, {"a_end": 32, "z_end": 49, "lanes": [0, 1, 2, 3, 4, 5, 6, 7, 8, 9, 10, 11, 12, 13, 14, 15, 16, 17, 18, 19, 20, 21, 22, 23, 24, 25, 26, 27, 28, 29, 30, 31, 32, 33, 34, 35, 36, 37, 38, 39], "lane_weights": [10, 10, 10, 10, 10, 10, 10, 10, 10, 10, 10, 10, 10, 10, 10, 10, 10, 10, 10, 10, 10, 10, 10, 10, 10, 10, 10, 10, 10, 10, 10, 10, 10, 10, 10, 10, 10, 10, 10, 10], "cost": 3.0}, {"a_end": 33, "z_end": 45, "lanes": [0, 1, 2, 3, 4, 5, 6, 7, 8, 9, 10, 11, 12, 13, 14, 15, 16, 17, 18, 19, 20, 21, 22, 23, 24, 25, 26, 27, 28, 29], "lane_weights": [10, 10, 10, 10, 10, 10, 10, 10, 10, 10, 10, 10, 10, 10, 10, 10, 10, 10, 10, 10, 10, 10, 10, 10, 10, 10, 10, 10, 10, 10], "cost": 2.0}, {"a_end": 33, "z_end": 52, "lanes": [0, 1, 2, 3, 4, 5, 6, 7, 8, 9, 10, 11, 12, 13, 14, 15, 16, 17, 18, 19, 20, 21, 22, 23, 24, 25, 26, 27, 28, 29], "lane_weights": [10, 10, 10, 10, 10, 10, 10, 10, 10, 10, 10, 10, 10, 10, 10, 10, 10, 10, 10, 10, 10, 10, 10, 10, 10, 10, 10, 10, 10, 10], "cost": 2.0}, {"a_end": 33, "z_end": 36, "lanes": [0, 1, 2, 3, 4, 5, 6, 7, 8, 9, 10, 11, 12, 13, 14, 15, 16, 17, 18, 19, 20, 21, 22, 23, 24, 25, 26, 27, 28, 29, 30, 31, 32, 33, 34, 35, 36, 37, 38, 39], "lane_weights": [10, 10, 10, 10, 10, 10, 10, 10, 10, 10, 10, 10, 10, 10, 10, 10, 10, 10, 10, 10, 10, 10, 10, 10, 10, 10, 10, 10, 10, 10, 10, 10, 10, 10, 10, 10, 10, 10, 10, 10], "cost": 3.0}, {"a_end": 34, "z_end": 50, "lanes": [0, 1, 2, 3, 4, 5, 6, 7, 8, 9], "lane_weights": [10, 10, 10, 10, 10, 10, 10, 10, 10, 10], "cost": 1.0}, {"a_end": 34, "z_end": 37, "lanes": [0, 1, 2, 3, 4, 5, 6, 7, 8, 9, 10, 11, 12, 13, 14, 15, 16, 17, 18, 19], "lane_weights": [10, 10, 10, 10, 10, 10, 10, 10, 10, 10, 10, 10, 10, 10, 10, 10, 10, 10, 10, 10], "cost": 1.0}, {"a_end": 34, "z_end": 35, "lanes": [0, 1, 2, 3, 4, 5, 6, 7, 8, 9, 10, 11, 12, 13, 14, 15, 16, 17, 18, 19, 20, 21, 22, 23, 24, 25, 26, 27, 28, 29], "lane_weights": [10, 10, 10, 10, 10, 10, 10, 10, 10, 10, 10, 10, 10, 10, 10, 10, 10, 10, 10, 10, 10, 10, 10, 10, 10, 10, 10, 10, 10, 10], "cost": 2.0}, {"a_end": 35, "z_end": 57, "lanes": [0, 1, 2, 3, 4, 5, 6, 7, 8, 9, 10, 11, 12, 13, 14, 15, 16, 17, 18, 19], "lane_weights": [10, 10, 10, 10, 10, 10, 10, 10, 10, 10, 10, 10, 10, 10, 10, 10, 10, 10, 10, 10], "cost": 1.0}, {"a_end": 35, "z_end": 46, "lanes": [0, 1, 2, 3, 4, 5, 6, 7, 8, 9, 10, 11, 12, 13, 14, 15, 16, 17, 18, 19, 20, 21, 22, 23, 24, 25, 26, 27, 28, 29, 30, 31, 32, 33, 34, 35, 36, 37, 38, 39], "lane_weights": [10, 10, 10, 10, 10, 10, 10, 10, 10, 10, 10, 10, 10, 10, 10, 10, 10, 10, 10, 10, 10, 10, 10, 10, 10, 10, 10, 10, 10, 10, 10, 10, 10, 10, 10, 10, 10, 10, 10, 10], "cost": 3.0}, {"a_end": 36, "z_end": 61, "lanes": [0, 1, 2, 3, 4, 5, 6, 7, 8, 9, 10, 11, 12, 13, 14, 15, 16, 17, 18, 19], "lane_weights": [10, 10, 10, 10, 10, 10, 10, 10, 10, 10, 10, 10, 10, 10, 10, 10, 10, 10, 10, 10], "cost": 1.0}, {"a_end": 36, "z_end": 46, "lanes": [0, 1, 2, 3, 4, 5, 6, 7, 8, 9], "lane_weights": [10, 10, 10, 10, 10, 10, 10, 10, 10, 10], "cost": 1.0}, {"a_end": 36, "z_end": 52, "lanes": [0, 1, 2, 3, 4, 5, 6, 7, 8, 9], "lane_weights": [10, 10, 10, 10, 10, 10, 10, 10, 10, 10], "cost": 1.0}, {"a_end": 36, "z_end": 45, "lanes": [0, 1, 2, 3, 4, 5, 6, 7, 8, 9, 10, 11, 12, 13, 14, 15, 16, 17, 18, 19], "lane_weights": [10, 10, 10, 10, 10, 10, 10, 10, 10, 10, 10, 10, 10, 10, 10, 10, 10, 10, 10, 10], "cost": 1.0}, {"a_end": 36, "z_end": 53, "lanes": [0, 1, 2, 3, 4, 5, 6, 7, 8, 9], "lane_weights": [10, 10, 10, 10, 10, 10, 10, 10, 10, 10], "cost": 1.0}, {"a_end": 37, "z_end": 42, "lanes": [0, 1, 2, 3, 4, 5, 6, 7, 8, 9, 10, 11, 12, 13, 14, 15, 16, 17, 18, 19], "lane_weights": [10, 10, 10, 10, 10, 10, 10, 10, 10, 10, 10, 10, 10, 10, 10, 10, 10, 10, 10, 10], "cost": 2.0}, {"a_end": 37, "z_end": 60, "lanes": [0, 1, 2, 3, 4, 5, 6, 7, 8, 9, 10, 11, 12, 13, 14, 15, 16, 17, 18, 19, 20, 21, 22, 23, 24, 25, 26, 27, 28, 29, 30, 31, 32, 33, 34, 35, 36, 37, 38, 39], "lane_weights": [10, 10, 10, 10, 10, 10, 10, 10, 10, 10, 10, 10, 10, 10, 10, 10, 10, 10, 10, 10, 10, 10, 10, 10, 10, 10, 10, 10, 10, 10, 10, 10, 10, 10, 10, 10, 10, 10, 10, 10], "cost": 3.0}, {"a_end": 37, "z_end": 59, "lanes": [0, 1, 2, 3, 4, 5, 6, 7, 8, 9, 10, 11, 12, 13, 14, 15, 16, 17, 18, 19, 20, 21, 22, 23, 24, 25, 26, 27, 28, 29, 30, 31, 32, 33, 34, 35, 36, 37, 38, 39], "lane_weights": [10, 10, 10, 10, 10, 10, 10, 10, 10, 10, 10, 10, 10, 10, 10, 10, 10, 10, 10, 10, 10, 10, 10, 10, 10, 10, 10, 10, 10, 10, 10, 10, 10, 10, 10, 10, 10, 10, 10, 10], "cost": 3.0}, {"a_end": 37, "z_end": 49, "lanes": [0, 1, 2, 3, 4, 5, 6, 7, 8, 9, 10, 11, 12, 13, 14, 15, 16, 17, 18, 19, 20, 21, 22, 23, 24, 25, 26, 27, 28, 29, 30, 31, 32, 33, 34, 35, 36, 37, 38, 39], "lane_weights": [10, 10, 10, 10, 10, 10, 10, 10, 10, 10, 10, 10, 10, 10, 10, 10, 10, 10, 10, 10, 10, 10, 10, 10, 10, 10, 10, 10, 10, 10, 10, 10, 10, 10, 10, 10, 10, 10, 10, 10], "cost": 3.0}, {"a_end": 37, "z_end": 43, "lanes": [0, 1, 2, 3, 4, 5, 6, 7, 8, 9], "lane_weights": [10, 10, 10, 10, 10, 10, 10, 10, 10, 10], "cost": 1.0}, {"a_end": 38, "z_end": 61, "lanes": [0, 1, 2, 3, 4, 5, 6, 7, 8, 9], "lane_weights": [10, 10, 10, 10, 10, 10, 10, 10, 10, 10], "cost": 1.0}, {"a_end": 38, "z_end": 39, "lanes": [0, 1, 2, 3, 4, 5, 6, 7, 8, 9], "lane_weights": [10, 10, 10, 10, 10, 10, 10, 10, 10, 10], "cost": 1.0}, {"a_end": 38, "z_end": 62, "lanes": [0, 1, 2, 3, 4, 5, 6, 7, 8, 9, 10, 11, 12, 13, 14, 15, 16, 17, 18, 19, 20, 21, 22, 23, 24, 25, 26, 27, 28, 29, 30, 31, 32, 33, 34, 35, 36, 37, 38, 39], "lane_weights": [10, 10, 10, 10, 10, 10, 10, 10, 10, 10, 10, 10, 10, 10, 10, 10, 10, 10, 10, 10, 10, 10, 10, 10, 10, 10, 10, 10, 10, 10, 10, 10, 10, 10, 10, 10, 10, 10, 10, 10], "cost": 3.0}, {"a_end": 38, "z_end": 48, "lanes": [0, 1, 2, 3, 4, 5, 6, 7, 8, 9], "lane_weights": [10, 10, 10, 10, 10, 10, 10, 10, 10, 10], "cost": 1.0}, {"a_end": 38, "z_end": 45, "lanes": [0, 1, 2, 3, 4, 5, 6, 7, 8, 9], "lane_weights": [10, 10, 10, 10, 10, 10, 10, 10, 10, 10], "cost": 1.0}, {"a_end": 38, "z_end": 55, "lanes": [0, 1, 2, 3, 4, 5, 6, 7, 8, 9, 10, 11, 12, 13, 14, 15, 16, 17, 18, 19], "lane_weights": [10, 10, 10, 10, 10, 10, 10, 10, 10, 10, 10, 10, 10, 10, 10, 10, 10, 10, 10, 10], "cost": 2.0}, {"a_end": 39, "z_end": 49, "lanes": [0, 1, 2, 3, 4, 5, 6, 7, 8, 9, 10, 11, 12, 13, 14, 15, 16, 17, 18, 19, 20, 21, 22, 23, 24, 25, 26, 27, 28, 29, 30, 31, 32, 33, 34, 35, 36, 37, 38, 39], "lane_weights": [10, 10, 10, 10, 10, 10, 10, 10, 10, 10, 10, 10, 10, 10, 10, 10, 10, 10, 10, 10, 10, 10, 10, 10, 10, 10, 10, 10, 10, 10, 10, 10, 10, 10, 10, 10, 10, 10, 10, 10], "cost": 3.0}, {"a_end": 39, "z_end": 55, "lanes": [0, 1, 2, 3, 4, 5, 6, 7, 8, 9, 10, 11, 12, 13, 14, 15, 16, 17, 18, 19], "lane_weights": [10, 10, 10, 10, 10, 10, 10, 10, 10, 10, 10, 10, 10, 10, 10, 10, 10, 10, 10, 10], "cost": 2.0}, {"a_end": 40, "z_end": 63, "lanes": [0, 1, 2, 3, 4, 5, 6, 7, 8, 9], "lane_weights": [10, 10, 10, 10, 10, 10, 10, 10, 10, 10], "cost": 1.0}, {"a_end": 40, "z_end": 49, "lanes": [0, 1, 2, 3, 4, 5, 6, 7, 8, 9], "lane_weights": [10, 10, 10, 10, 10, 10, 10, 10, 10, 10], "cost": 1.0}, {"a_end": 40, "z_end": 41, "lanes": [0, 1, 2, 3, 4, 5, 6, 7, 8, 9, 10, 11, 12, 13, 14, 15, 16, 17, 18, 19, 20, 21, 22, 23, 24, 25, 26, 27, 28, 29], "lane_weights": [10, 10, 10, 10, 10, 10, 10, 10, 10, 10, 10, 10, 10, 10, 10, 10, 10, 10, 10, 10, 10, 10, 10, 10, 10, 10, 10, 10, 10, 10], "cost": 2.0}, {"a_end": 41, "z_end": 60, "lanes": [0, 1, 2, 3, 4, 5, 6, 7, 8, 9, 10, 11, 12, 13, 14, 15, 16, 17, 18, 19], "lane_weights": [10, 10, 10, 10, 10, 10, 10, 10, 10, 10, 10, 10, 10, 10, 10, 10, 10, 10, 10, 10], "cost": 2.0}, {"a_end": 41, "z_end": 58, "lanes": [0, 1, 2, 3, 4, 5, 6, 7, 8, 9], "lane_weights": [10, 10, 10, 10, 10, 10, 10, 10, 10, 10], "cost": 1.0}, {"a_end": 41, "z_end": 51, "lanes": [0, 1, 2, 3, 4, 5, 6, 7, 8, 9, 10, 11, 12, 13, 14, 15, 16, 17, 18, 19, 20, 21, 22, 23, 24, 25, 26, 27, 28, 29, 30, 31, 32, 33, 34, 35, 36, 37, 38, 39], "lane_weights": [10, 10, 10, 10, 10, 10, 10, 10, 10, 10, 10, 10, 10, 10, 10, 10, 10, 10, 10, 10, 10, 10, 10, 10, 10, 10, 10, 10, 10, 10, 10, 10, 10, 10, 10, 10, 10, 10, 10, 10], "cost": 3.0}, {"a_end": 42, "z_end": 43, "lanes": [0, 1, 2, 3, 4, 5, 6, 7, 8, 9], "lane_weights": [10, 10, 10, 10, 10, 10, 10, 10, 10, 10], "cost": 1.0}, {"a_end": 42, "z_end": 49, "lanes": [0, 1, 2, 3, 4, 5, 6, 7, 8, 9], "lane_weights": [10, 10, 10, 10, 10, 10, 10, 10, 10, 10], "cost": 1.0}, {"a_end": 43, "z_end": 51, "lanes": [0, 1, 2, 3, 4, 5, 6, 7, 8, 9, 10, 11, 12, 13, 14, 15, 16, 17, 18, 19, 20, 21, 22, 23, 24, 25, 26, 27, 28, 29, 30, 31, 32, 33, 34, 35, 36, 37, 38, 39], "lane_weights": [10, 10, 10, 10, 10, 10, 10, 10, 10, 10, 10, 10, 10, 10, 10, 10, 10, 10, 10, 10, 10, 10, 10, 10, 10, 10, 10, 10, 10, 10, 10, 10, 10, 10, 10, 10, 10, 10, 10, 10], "cost": 3.0}, {"a_end": 43, "z_end": 45, "lanes": [0, 1, 2, 3, 4, 5, 6, 7, 8, 9], "lane_weights": [10, 10, 10, 10, 10, 10, 10, 10, 10, 10], "cost": 1.0}, {"a_end": 44, "z_end": 46, "lanes": [0, 1, 2, 3, 4, 5, 6, 7, 8, 9, 10, 11, 12, 13, 14, 15, 16, 17, 18, 19], "lane_weights": [10, 10, 10, 10, 10, 10, 10, 10, 10, 10, 10, 10, 10, 10, 10, 10, 10, 10, 10, 10], "cost": 1.0}, {"a_end": 44, "z_end": 60, "lanes": [0, 1, 2, 3, 4, 5, 6, 7, 8, 9], "lane_weights": [10, 10, 10, 10, 10, 10, 10, 10, 10, 10], "cost": 1.0}, {"a_end": 45, "z_end": 61, "lanes": [0, 1, 2, 3, 4, 5, 6, 7, 8, 9, 10, 11, 12, 13, 14, 15, 16, 17, 18, 19], "lane_weights": [10, 10, 10, 10, 10, 10, 10, 10, 10, 10, 10, 10, 10, 10, 10, 10, 10, 10, 10, 10], "cost": 2.0}, {"a_end": 45, "z_end": 48, "lanes": [0, 1, 2, 3, 4, 5, 6, 7, 8, 9, 10, 11, 12, 13, 14, 15, 16, 17, 18, 19], "lane_weights": [10, 10, 10, 10, 10, 10, 10, 10, 10, 10, 10, 10, 10, 10, 10, 10, 10, 10, 10, 10], "cost": 1.0}, {"a_end": 46, "z_end": 63, "lanes": [0, 1, 2, 3, 4, 5, 6, 7, 8, 9], "lane_weights": [10, 10, 10, 10, 10, 10, 10, 10, 10, 10], "cost": 1.0}, {"a_end": 46, "z_end": 54, "lanes": [0, 1, 2, 3, 4, 5, 6, 7, 8, 9, 10, 11, 12, 13, 14, 15, 16, 17, 18, 19], "lane_weights": [10, 10, 10, 10, 10, 10, 10, 10, 10, 10, 10, 10, 10, 10, 10, 10, 10, 10, 10, 10], "cost": 2.0}, {"a_end": 46, "z_end": 62, "lanes": [0, 1, 2, 3, 4, 5, 6, 7, 8, 9], "lane_weights": [10, 10, 10, 10, 10, 10, 10, 10, 10, 10], "cost": 1.0}, {"a_end": 47, "z_end": 62, "lanes": [0, 1, 2, 3, 4, 5, 6, 7, 8, 9, 10, 11, 12, 13, 14, 15, 16, 17, 18, 19, 20, 21, 22, 23, 24, 25, 26, 27, 28, 29, 30, 31, 32, 33, 34, 35, 36, 37, 38, 39], "lane_weights": [10, 10, 10, 10, 10, 10, 10, 10, 10, 10, 10, 10, 10, 10, 10, 10, 10, 10, 10, 10, 10, 10, 10, 10, 10, 10, 10, 10, 10, 10, 10, 10, 10, 10, 10, 10, 10, 10, 10, 10], "cost": 3.0}, {"a_end": 48, "z_end": 57, "lanes": [0, 1, 2, 3, 4, 5, 6, 7, 8, 9, 10, 11, 12, 13, 14, 15, 16, 17, 18, 19, 20, 21, 22, 23, 24, 25, 26, 27, 28, 29], "lane_weights": [10, 10, 10, 10, 10, 10, 10, 10, 10, 10, 10, 10, 10, 10, 10, 10, 10, 10, 10, 10, 10, 10, 10, 10, 10, 10, 10, 10, 10, 10], "cost": 2.0}, {"a_end": 48, "z_end": 64, "lanes": [0, 1, 2, 3, 4, 5, 6, 7, 8, 9], "lane_weights": [10, 10, 10, 10, 10, 10, 10, 10, 10, 10], "cost": 1.0}, {"a_end": 49, "z_end": 62, "lanes": [0, 1, 2, 3, 4, 5, 6, 7, 8, 9, 10, 11, 12, 13, 14, 15, 16, 17, 18, 19], "lane_weights": [10, 10, 10, 10, 10, 10, 10, 10, 10, 10, 10, 10, 10, 10, 10, 10, 10, 10, 10, 10], "cost": 2.0}, {"a_end": 50, "z_end": 63, "lanes": [0, 1, 2, 3, 4, 5, 6, 7, 8, 9], "lane_weights": [10, 10, 10, 10, 10, 10, 10, 10, 10, 10], "cost": 1.0}, {"a_end": 50, "z_end": 53, "lanes": [0, 1, 2, 3, 4, 5, 6, 7, 8, 9, 10, 11, 12, 13, 14, 15, 16, 17, 18, 19], "lane_weights": [10, 10, 10, 10, 10, 10, 10, 10, 10, 10, 10, 10, 10, 10, 10, 10, 10, 10, 10, 10], "cost": 2.0}, {"a_end": 50, "z_end": 55, "lanes": [0, 1, 2, 3, 4, 5, 6, 7, 8, 9], "lane_weights": [10, 10, 10, 10, 10, 10, 10, 10, 10, 10], "cost": 1.0}, {"a_end": 50, "z_end": 58, "lanes": [0, 1, 2, 3, 4, 5, 6, 7, 8, 9], "lane_weights": [10, 10, 10, 10, 10, 10, 10, 10, 10, 10], "cost": 1.0}, {"a_end": 51, "z_end": 64, "lanes": [0, 1, 2, 3, 4, 5, 6, 7, 8, 9, 10, 11, 12, 13, 14, 15, 16, 17, 18, 19], "lane_weights": [10, 10, 10, 10, 10, 10, 10, 10, 10, 10, 10, 10, 10, 10, 10, 10, 10, 10, 10, 10], "cost": 1.0}, {"a_end": 51, "z_end": 56, "lanes": [0, 1, 2, 3, 4, 5, 6, 7, 8, 9], "lane_weights": [10, 10, 10, 10, 10, 10, 10, 10, 10, 10], "cost": 1.0}, {"a_end": 52, "z_end": 55, "lanes": [0, 1, 2, 3, 4, 5, 6, 7, 8, 9, 10, 11, 12, 13, 14, 15, 16, 17, 18, 19, 20, 21, 22, 23, 24, 25, 26, 27, 28, 29, 30, 31, 32, 33, 34, 35, 36, 37, 38, 39], "lane_weights": [10, 10, 10, 10, 10, 10, 10, 10, 10, 10, 10, 10, 10, 10, 10, 10, 10, 10, 10, 10, 10, 10, 10, 10, 10, 10, 10, 10, 10, 10, 10, 10, 10, 10, 10, 10, 10, 10, 10, 10], "cost": 3.0}, {"a_end": 52, "z_end": 63, "lanes": [0, 1, 2, 3, 4, 5, 6, 7, 8, 9, 10, 11, 12, 13, 14, 15, 16, 17, 18, 19, 20, 21, 22, 23, 24, 25, 26, 27, 28, 29], "lane_weights": [10, 10, 10, 10, 10, 10, 10, 10, 10, 10, 10, 10, 10, 10, 10, 10, 10, 10, 10, 10, 10, 10, 10, 10, 10, 10, 10, 10, 10, 10], "cost": 2.0}, {"a_end": 52, "z_end": 62, "lanes": [0, 1, 2, 3, 4, 5, 6, 7, 8, 9], "lane_weights": [10, 10, 10, 10, 10, 10, 10, 10, 10, 10], "cost": 1.0}, {"a_end": 52, "z_end": 60, "lanes": [0, 1, 2, 3, 4, 5, 6, 7, 8, 9, 10, 11, 12, 13, 14, 15, 16, 17, 18, 19], "lane_weights": [10, 10, 10, 10, 10, 10, 10, 10, 10, 10, 10, 10, 10, 10, 10, 10, 10, 10, 10, 10], "cost": 2.0}, {"a_end": 52, "z_end": 54, "lanes": [0, 1, 2, 3, 4, 5, 6, 7, 8, 9], "lane_weights": [10, 10, 10, 10, 10, 10, 10, 10, 10, 10], "cost": 1.0}, {"a_end": 53, "z_end": 62, "lanes": [0, 1, 2, 3, 4, 5, 6, 7, 8, 9], "lane_weights": [10, 10, 10, 10, 10, 10, 10, 10, 10, 10], "cost": 1.0}, {"a_end": 53, "z_end": 63, "lanes": [0, 1, 2, 3, 4, 5, 6, 7, 8, 9, 10, 11, 12, 13, 14, 15, 16, 17, 18, 19], "lane_weights": [10, 10, 10, 10, 10, 10, 10, 10, 10, 10, 10, 10, 10, 10, 10, 10, 10, 10, 10, 10], "cost": 1.0}, {"a_end": 53, "z_end": 58, "lanes": [0, 1, 2, 3, 4, 5, 6, 7, 8, 9, 10, 11, 12, 13, 14, 15, 16, 17, 18, 19, 20, 21, 22, 23, 24, 25, 26, 27, 28, 29], "lane_weights": [10, 10, 10, 10, 10, 10, 10, 10, 10, 10, 10, 10, 10, 10, 10, 10, 10, 10, 10, 10, 10, 10, 10, 10, 10, 10, 10, 10, 10, 10], "cost": 2.0}, {"a_end": 54, "z_end": 57, "lanes": [0, 1, 2, 3, 4, 5, 6, 7, 8, 9], "lane_weights": [10, 10, 10, 10, 10, 10, 10, 10, 10, 10], "cost": 1.0}, {"a_end": 55, "z_end": 64, "lanes": [0, 1, 2, 3, 4, 5, 6, 7, 8, 9, 10, 11, 12, 13, 14, 15, 16, 17, 18, 19, 20, 21, 22, 23, 24, 25, 26, 27, 28, 29, 30, 31, 32, 33, 34, 35, 36, 37, 38, 39], "lane_weights": [10, 10, 10, 10, 10, 10, 10, 10, 10, 10, 10, 10, 10, 10, 10, 10, 10, 10, 10, 10, 10, 10, 10, 10, 10, 10, 10, 10, 10, 10, 10, 10, 10, 10, 10, 10, 10, 10, 10, 10], "cost": 3.0}, {"a_end": 55, "z_end": 56, "lanes": [0, 1, 2, 3, 4, 5, 6, 7, 8, 9], "lane_weights": [10, 10, 10, 10, 10, 10, 10, 10, 10, 10], "cost": 1.0}, {"a_end": 55, "z_end": 59, "lanes": [0, 1, 2, 3, 4, 5, 6, 7, 8, 9], "lane_weights": [10, 10, 10, 10, 10, 10, 10, 10, 10, 10], "cost": 1.0}, {"a_end": 57, "z_end": 62, "lanes": [0, 1, 2, 3, 4, 5, 6, 7, 8, 9, 10, 11, 12, 13, 14, 15, 16, 17, 18, 19], "lane_weights": [10, 10, 10, 10, 10, 10, 10, 10, 10, 10, 10, 10, 10, 10, 10, 10, 10, 10, 10, 10], "cost": 1.0}, {"a_end": 58, "z_end": 59, "lanes": [0, 1, 2, 3, 4, 5, 6, 7, 8, 9, 10, 11, 12, 13, 14, 15, 16, 17, 18, 19, 20, 21, 22, 23, 24, 25, 26, 27, 28, 29, 30, 31, 32, 33, 34, 35, 36, 37, 38, 39], "lane_weights": [10, 10, 10, 10, 10, 10, 10, 10, 10, 10, 10, 10, 10, 10, 10, 10, 10, 10, 10, 10, 10, 10, 10, 10, 10, 10, 10, 10, 10, 10, 10, 10, 10, 10, 10, 10, 10, 10, 10, 10], "cost": 3.0}, {"a_end": 59, "z_end": 61, "lanes": [0, 1, 2, 3, 4, 5, 6, 7, 8, 9, 10, 11, 12, 13, 14, 15, 16, 17, 18, 19], "lane_weights": [10, 10, 10, 10, 10, 10, 10, 10, 10, 10, 10, 10, 10, 10, 10, 10, 10, 10, 10, 10], "cost": 1.0}, {"a_end": 60, "z_end": 63, "lanes": [0, 1, 2, 3, 4, 5, 6, 7, 8, 9, 10, 11, 12, 13, 14, 15, 16, 17, 18, 19], "lane_weights": [10, 10, 10, 10, 10, 10, 10, 10, 10, 10, 10, 10, 10, 10, 10, 10, 10, 10, 10, 10], "cost": 2.0}]}