[{"a_end": 4, "z_end": 1, "weight": 4}, {"a_end": 0, "z_end": 4, "weight": 4}, {"a_end": 6, "z_end": 8, "weight": 4}, {"a_end": 5, "z_end": 2, "weight": 1}, {"a_end": 3, "z_end": 4, "weight": 1}, {"a_end": 7, "z_end": 0, "weight": 1}, {"a_end": 3, "z_end": 7, "weight": 1}, {"a_end": 0, "z_end": 1, "weight": 1}, {"a_end": 1, "z_end": 7, "weight": 1}, {"a_end": 6, "z_end": 0, "weight": 1}, {"a_end": 8, "z_end": 6, "weight": 1}, {"a_end": 5, "z_end": 0, "weight": 1}, {"a_end": 3, "z_end": 0, "weight": 1}, {"a_end": 5, "z_end": 2, "weight": 1}, {"a_end": 3, "z_end": 5, "weight": 1}, {"a_end": 5, "z_end": 4, "weight": 1}, {"a_end": 5, "z_end": 1, "weight": 1}, {"a_end": 7, "z_end": 2, "weight": 1}, {"a_end": 7, "z_end": 2, "weight": 1}, {"a_end": 2, "z_end": 8, "weight": 1}, {"a_end": 5, "z_end": 8, "weight": 1}, {"a_end": 3, "z_end": 1, "weight": 1}, {"a_end": 1, "z_end": 6, "weight": 1}, {"a_end": 0, "z_end": 4, "weight": 1}, {"a_end": 4, "z_end": 5, "weight": 10}, {"a_end": 1, "z_end": 5, "weight": 1}, {"a_end": 4, "z_end": 8, "weight": 1}, {"a_end": 4, "z_end": 7, "weight": 1}, {"a_end": 8, "z_end": 3, "weight": 1}, {"a_end": 4, "z_end": 2, "weight": 1}, {"a_end": 1, "z_end": 7, "weight": 1}, {"a_end": 3, "z_end": 5, "weight": 1}, {"a_end": 8, "z_end": 2, "weight": 1}, {"a_end": 1, "z_end": 6, "weight": 1}, {"a_end": 2, "z_end": 7, "weight": 1}, {"a_end": 0, "z_end": 6, "weight": 1}, {"a_end": 6, "z_end": 0, "weight": 1}, {"a_end": 2, "z_end": 3, "weight": 1}, {"a_end": 0, "z_end": 3, "weight": 1}, {"a_end": 0, "z_end": 8, "weight": 1}, {"a_end": 7, "z_end": 1, "weight": 1}, {"a_end": 5, "z_end": 0, "weight": 1}, {"a_end": 6, "z_end": 7, "weight": 1}, {"a_end": 3, "z_end": 0, "weight": 1}, {"a_end": 1, "z_end": 4, "weight": 1}, {"a_end": 7, "z_end": 8, "weight": 1}, {"a_end": 3, "z_end": 7, "weight": 1}, {"a_end": 4, "z_end": 3, "weight": 1}, {"a_end": 1, "z_end": 8, "weight": 1}, {"a_end": 8, "z_end": 2, "weight": 1}, {"a_end": 8, "z_end": 3, "weight": 1}, {"a_end": 4, "z_end": 1, "weight": 1}, {"a_end": 6, "z_end": 2, "weight": 1}, {"a_end": 0, "z_end": 7, "weight": 1}, {"a_end": 5, "z_end": 6, "weight": 1}, {"a_end": 2, "z_end": 6, "weight": 1}, {"a_end": 1, "z_end": 3, "weight": 1}, {"a_end": 8, "z_end": 4, "weight": 1}, {"a_end": 6, "z_end": 4, "weight": 1}, {"a_end": 8, "z_end": 0, "weight": 1}, {"a_end": 4, "z_end": 1, "weight": 1}, {"a_end": 0, "z_end": 2, "weight": 4}, {"a_end": 5, "z_end": 8, "weight": 1}, {"a_end": 6, "z_end": 3, "weight": 4}, {"a_end": 2, "z_end": 1, "weight": 1}, {"a_end": 5, "z_end": 8, "weight": 10}, {"a_end": 8, "z_end": 1, "weight": 1}, {"a_end": 3, "z_end": 8, "weight": 1}, {"a_end": 7, "z_end": 4, "weight": 1}, {"a_end": 0, "z_end": 5, "weight": 1}, {"a_end": 6, "z_end": 0, "weight": 1}, {"a_end": 2, "z_end": 6, "weight": 10}, {"a_end": 3, "z_end": 0, "weight": 1}, {"a_end": 2, "z_end": 7, "weight": 4}, {"a_end": 6, "z_end": 1, "weight": 1}, {"a_end": 6, "z_end": 4, "weight": 10}, {"a_end": 7, "z_end": 8, "weight": 1}, {"a_end": 8, "z_end": 2, "weight": 1}, {"a_end": 8, "z_end": 4, "weight": 10}, {"a_end": 4, "z_end": 1, "weight": 1}, {"a_end": 3, "z_end": 0, "weight": 1}, {"a_end": 7, "z_end": 6, "weight": 1}, {"a_end": 0, "z_end": 7, "weight": 1}, {"a_end": 6, "z_end": 4, "weight": 1}, {"a_end": 5, "z_end": 6, "weight": 4}, {"a_end": 5, "z_end": 4, "weight": 10}, {"a_end": 4, "z_end": 5, "weight": 1}, {"a_end": 2, "z_end": 6, "weight": 1}, {"a_end": 0, "z_end": 6, "weight": 1}, {"a_end": 7, "z_end": 8, "weight": 1}, {"a_end": 4, "z_end": 8, "weight": 1}, {"a_end": 4, "z_end": 1, "weight": 1}, {"a_end": 6, "z_end": 3, "weight": 1}, {"a_end": 4, "z_end": 2, "weight": 1}, {"a_end": 8, "z_end": 5, "weight": 4}, {"a_end": 1, "z_end": 7, "weight": 1}, {"a_end": 1, "z_end": 4, "weight": 1}, {"a_end": 7, "z_end": 0, "weight": 4}, {"a_end": 0, "z_end": 4, "weight": 1}, {"a_end": 1, "z_end": 3, "weight": 4}, {"a_end": 7, "z_end": 0, "weight": 1}, {"a_end": 6, "z_end": 1, "weight": 1}, {"a_end": 4, "z_end": 3, "weight": 1}, {"a_end": 5, "z_end": 2, "weight": 1}, {"a_end": 1, "z_end": 2, "weight": 1}, {"a_end": 8, "z_end": 6, "weight": 1}, {"a_end": 5, "z_end": 4, "weight": 1}, {"a_end": 1, "z_end": 2, "weight": 1}, {"a_end": 0, "z_end": 1, "weight": 1}, {"a_end": 2, "z_end": 0, "weight": 1}, {"a_end": 2, "z_end": 4, "weight": 1}, {"a_end": 7, "z_end": 4, "weight": 1}, {"a_end": 0, "z_end": 1, "weight": 1}, {"a_end": 5, "z_end": 0, "weight": 1}, {"a_end": 2, "z_end": 5, "weight": 1}, {"a_end": 1, "z_end": 2, "weight": 1}, {"a_end": 3, "z_end": 6, "weight": 1}, {"a_end": 5, "z_end": 3, "weight": 1}, {"a_end": 8, "z_end": 6, "weight": 10}, {"a_end": 5, "z_end": 8, "weight": 1}, {"a_end": 3, "z_end": 8, "weight": 1}, {"a_end": 4, "z_end": 7, "weight": 1}, {"a_end": 2, "z_end": 5, "weight": 1}, {"a_end": 6, "z_end": 4, "weight": 1}, {"a_end": 0, "z_end": 7, "weight": 1}, {"a_end": 6, "z_end": 5, "weight": 1}, {"a_end": 3, "z_end": 8, "weight": 1}, {"a_end": 2, "z_end": 3, "weight": 1}, {"a_end": 5, "z_end": 6, "weight": 1}, {"a_end": 6, "z_end": 0, "weight": 1}, {"a_end": 0, "z_end": 5, "weight": 1}, {"a_end": 6, "z_end": 7, "weight": 4}, {"a_end": 2, "z_end": 6, "weight": 1}, {"a_end": 5, "z_end": 3, "weight": 1}, {"a_end": 5, "z_end": 0, "weight": 1}, {"a_end": 4, "z_end": 7, "weight": 1}, {"a_end": 2, "z_end": 6, "weight": 1}, {"a_end": 5, "z_end": 7, "weight": 1}, {"a_end": 0, "z_end": 8, "weight": 1}, {"a_end": 6, "z_end": 2, "weight": 1}, {"a_end": 7, "z_end": 3, "weight": 1}, {"a_end": 6, "z_end": 1, "weight": 1}, {"a_end": 7, "z_end": 0, "weight": 1}, {"a_end": 6, "z_end": 4, "weight": 1}, {"a_end": 0, "z_end": 6, "weight": 1}, {"a_end": 6, "z_end": 5, "weight": 4}, {"a_end": 4, "z_end": 2, "weight": 1}, {"a_end": 2, "z_end": 1, "weight": 4}, {"a_end": 8, "z_end": 7, "weight": 4}, {"a_end": 8, "z_end": 1, "weight": 1}, {"a_end": 1, "z_end": 6, "weight": 1}, {"a_end": 7, "z_end": 2, "weight": 1}, {"a_end": 4, "z_end": 1, "weight": 1}, {"a_end": 0, "z_end": 8, "weight": 1}, {"a_end": 3, "z_end": 8, "weight": 1}, {"a_end": 3, "z_end": 5, "weight": 1}, {"a_end": 4, "z_end": 6, "weight": 1}, {"a_end": 7, "z_end": 8, "weight": 10}, {"a_end": 8, "z_end": 4, "weight": 1}, {"a_end": 5, "z_end": 0, "weight": 1}, {"a_end": 3, "z_end": 8, "weight": 1}, {"a_end": 2, "z_end": 1, "weight": 1}, {"a_end": 2, "z_end": 1, "weight": 1}, {"a_end": 4, "z_end": 1, "weight": 1}, {"a_end": 1, "z_end": 0, "weight": 1}, {"a_end": 7, "z_end": 0, "weight": 1}, {"a_end": 8, "z_end": 4, "weight": 1}, {"a_end": 4, "z_end": 8, "weight": 1}, {"a_end": 6, "z_end": 0, "weight": 1}, {"a_end": 3, "z_end": 1, "weight": 4}, {"a_end": 2, "z_end": 3, "weight": 1}, {"a_end": 7, "z_end": 0, "weight": 1}, {"a_end": 2, "z_end": 4, "weight": 1}, {"a_end": 0, "z_end": 6, "weight": 1}, {"a_end": 0, "z_end": 6, "weight": 1}, {"a_end": 0, "z_end": 2, "weight": 1}, {"a_end": 2, "z_end": 0, "weight": 4}, {"a_end": 5, "z_end": 8, "weight": 1}, {"a_end": 8, "z_end": 6, "weight": 4}, {"a_end": 0, "z_end": 7, "weight": 1}]