{"nodes": [0, 1, 2, 3, 4], "edges": [{"a_end": 0, "z_end": 1, "lanes": [0, 1, 2, 3, 4, 5, 6, 7, 8, 9, 10, 11, 12, 13, 14, 15, 16, 17, 18, 19, 20, 21, 22, 23, 24, 25, 26, 27, 28, 29], "lane_weights": [10, 10, 10, 10, 10, 10, 10, 10, 10, 10, 10, 10, 10, 10, 10, 10, 10, 10, 10, 10, 10, 10, 10, 10, 10, 10, 10, 10, 10, 10], "cost": 2.0}, {"a_end": 0, "z_end": 2, "lanes": [0, 1, 2, 3, 4, 5, 6, 7, 8, 9], "lane_weights": [10, 10, 10, 10, 10, 10, 10, 10, 10, 10], "cost": 1.0}, {"a_end": 0, "z_end": 3, "lanes": [0, 1, 2, 3, 4, 5, 6, 7, 8, 9], "lane_weights": [10, 10, 10, 10, 10, 10, 10, 10, 10, 10], "cost": 1.0}, {"a_end": 0, "z_end": 4, "lanes": [0, 1, 2, 3, 4, 5, 6, 7, 8, 9, 10, 11, 12, 13, 14, 15, 16, 17, 18, 19], "lane_weights": [10, 10, 10, 10, 10, 10, 10, 10, 10, 10, 10, 10, 10, 10, 10, 10, 10, 10, 10, 10], "cost": 2.0}, {"a_end": 1, "z_end": 2, "lanes": [0, 1, 2, 3, 4, 5, 6, 7, 8, 9], "lane_weights": [10, 10, 10, 10, 10, 10, 10, 10, 10, 10], "cost": 1.0}, {"a_end": 1, "z_end": 3, "lanes": [0, 1, 2, 3, 4, 5, 6, 7, 8, 9, 10, 11, 12, 13, 14, 15, 16, 17, 18, 19, 20, 21, 22, 23, 24, 25, 26, 27, 28, 29], "lane_weights": [10, 10, 10, 10, 10, 10, 10, 10, 10, 10, 10, 10, 10, 10, 10, 10, 10, 10, 10, 10, 10, 10, 10, 10, 10, 10, 10, 10, 10, 10], "cost": 2.0}, {"a_end": 1, "z_end": 4, "lanes": [0, 1, 2, 3, 4, 5, 6, 7, 8, 9, 10, 11, 12, 13, 14, 15, 16, 17, 18, 19, 20, 21, 22, 23, 24, 25, 26, 27, 28, 29], "lane_weights": [10, 10, 10, 10, 10, 10, 10, 10, 10, 10, 10, 10, 10, 10, 10, 10, 10, 10, 10, 10, 10, 10, 10, 10, 10, 10, 10, 10, 10, 10], "cost": 2.0}, {"a_end": 2, "z_end": 3, "lanes": [0, 1, 2, 3, 4, 5, 6, 7, 8, 9], "lane_weights": [10, 10, 10, 10, 10, 10, 10, 10, 10, 10], "cost": 1.0}, {"a_end": 2, "z_end": 4, "lanes": [0, 1, 2, 3, 4, 5, 6, 7, 8, 9, 10, 11, 12, 13, 14, 15, 16, 17, 18, 19], "lane_weights": [10, 10, 10, 10, 10, 10, 10, 10, 10, 10, 10, 10, 10, 10, 10, 10, 10, 10, 10, 10], "cost": 2.0}, {"a_end": 3, "z_end": 4, "lanes": [0, 1, 2, 3, 4, 5, 6, 7, 8, 9, 10, 11, 12, 13, 14, 15, 16, 17, 18, 19], "lane_weights": [10, 10, 10, 10, 10, 10, 10, 10, 10, 10, 10, 10, 10, 10, 10, 10, 10, 10, 10, 10], "cost": 2.0}]}